FilerEIN,TaxYear,FormAndLineReferenceDesc,ExplanationTxt
135562401,2018,"Schedule C, Part II-B, Line 1 DETAILED DESCRIPTION OF THE LOBBYING ACTIVITY",THE YMCA RETIREMENT FUND IS A MEMBER OF THE CHURCH ALLIANCE WHICH ENGAGES IN DIRECT LOBBYING REGARDING LEGISLATION THAT ADVERSELY AFFECTS CHURCH PENSION AND BENEFIT PLANS. THE AMOUNT INDICATED ABOVE REFERENCED DUES PAID.
510198509,2018,"PART II-B, LINE 1:","THE ORGANIZATION MAKES VARIOUS GRANTS TO OTHER ORGANIZATIONS FOR LOBBYING ACTIVITIES WHICH SUPPORT INITIATIVES WITHIN THE TIDES FOUNDATION AREAS OF FOCUS: ON EQUALITY AND HUMAN RIGHTS, A SUSTAINABLE ENVIRONMENT, HEALTHY INDIVIDUALS AND COMMUNITIES, AND QUAILTY EDUCATION."
364724966,2018,"Schedule C, Part II-A, Line 1b, Column (a) AFFILIATED ORGANIZATIONS","ORGANIZATION NAME: NORTHWESTERN MEMORIAL HOSPITAL ADDRESS: 251 E HURON CHICAGO, Illinois 60611 EIN: 37-0960170 ORGANIZATION IS AN ELECTING ORGANIZATION GRASSROOTS LOBBYING AMOUNT: DIRECT LOBBYING AMOUNT: 90,775 TOTAL LOBBYING EXPENDITURES: 90,775 OTHER EXEMPT PURPOSE EXPENDITURES: 2,116,938,780 TOTAL EXEMPT PURPOSE EXPENDITURES: 2,117,029,555 LOBBYING NONTAXABLE AMOUNT: 1,000,000 TOTAL GRASSROOTS LESS NONTAXABLE AMOUNT: 250,000 TOTAL EXPENDITURES LESS NONTAXABLE AMOUNT: SHARE OF EXCESS LOBBYING EXPENDITURES:"
364724966,2018,"Schedule C, Part II-A, Line 1b, Column (a) AFFILIATED ORGANIZATIONS","ORGANIZATION NAME: NORTHWESTERN LAKE FOREST HOSPITAL ADDRESS: 1000 N WESTMORELAND ROAD LAKE FOREST, Illinois 60645 EIN: 36-2179779 ORGANIZATION IS AN ELECTING ORGANIZATION GRASSROOTS LOBBYING AMOUNT: DIRECT LOBBYING AMOUNT: 36,982 TOTAL LOBBYING EXPENDITURES: 36,982 OTHER EXEMPT PURPOSE EXPENDITURES: 417,518,051 TOTAL EXEMPT PURPOSE EXPENDITURES: 417,555,033 LOBBYING NONTAXABLE AMOUNT: 1,000,000 TOTAL GRASSROOTS LESS NONTAXABLE AMOUNT: 250,000 TOTAL EXPENDITURES LESS NONTAXABLE AMOUNT: SHARE OF EXCESS LOBBYING EXPENDITURES:"
364724966,2018,"Schedule C, Part II-A, Line 1b, Column (a) AFFILIATED ORGANIZATIONS","ORGANIZATION NAME: NORTHWESTERN MEDICAL FACULTY FOUNDATION ADDRESS: 251 E HURON CHICAGO, Illinois 60611 EIN: 36-3097297 ORGANIZATION IS AN ELECTING ORGANIZATION GRASSROOTS LOBBYING AMOUNT: DIRECT LOBBYING AMOUNT: TOTAL LOBBYING EXPENDITURES: OTHER EXEMPT PURPOSE EXPENDITURES: 1,207,020,899 TOTAL EXEMPT PURPOSE EXPENDITURES: 1,207,020,899 LOBBYING NONTAXABLE AMOUNT: 1,000,000 TOTAL GRASSROOTS LESS NONTAXABLE AMOUNT: 250,000 TOTAL EXPENDITURES LESS NONTAXABLE AMOUNT: SHARE OF EXCESS LOBBYING EXPENDITURES:"
364724966,2018,"Schedule C, Part II-A, Line 1b, Column (a) AFFILIATED ORGANIZATIONS","ORGANIZATION NAME: LAKE FOREST HEALTH & FITNESS INSTITUTE ADDRESS: 1200 N WESTMORELAND ROAD LAKE FOREST, Illinois 60645 EIN: 36-3835030 ORGANIZATION IS AN ELECTING ORGANIZATION GRASSROOTS LOBBYING AMOUNT: DIRECT LOBBYING AMOUNT: TOTAL LOBBYING EXPENDITURES: OTHER EXEMPT PURPOSE EXPENDITURES: 6,161,412 TOTAL EXEMPT PURPOSE EXPENDITURES: 6,161,412 LOBBYING NONTAXABLE AMOUNT: 458,071 TOTAL GRASSROOTS LESS NONTAXABLE AMOUNT: 114,518 TOTAL EXPENDITURES LESS NONTAXABLE AMOUNT: SHARE OF EXCESS LOBBYING EXPENDITURES:"
364724966,2018,"Schedule C, Part II-A, Line 1b, Column (a) AFFILIATED ORGANIZATIONS","ORGANIZATION NAME: NORTHWESTERN MEMORIAL FOUNDATION ADDRESS: 251 E HURON CHICAGO, Illinois 60611 EIN: 36-3155315 ORGANIZATION IS AN ELECTING ORGANIZATION GRASSROOTS LOBBYING AMOUNT: DIRECT LOBBYING AMOUNT: TOTAL LOBBYING EXPENDITURES: OTHER EXEMPT PURPOSE EXPENDITURES: 14,880,099 TOTAL EXEMPT PURPOSE EXPENDITURES: 14,880,099 LOBBYING NONTAXABLE AMOUNT: 894,005 TOTAL GRASSROOTS LESS NONTAXABLE AMOUNT: 223,501 TOTAL EXPENDITURES LESS NONTAXABLE AMOUNT: SHARE OF EXCESS LOBBYING EXPENDITURES:"
208295721,2018,Additional Information,"Part I-A UPMC Group Entities do not engage in any direct or indirect political activity. Part II-B UPMC Group maintains a department of government relations whose primary function is to maintain contact with elected and appointed officials at the federal, state, and local levels. The department promotes legislative actions with respect to healthcare related issues that could impact the organization. Part II-B, Line 1D The amount for mailings is not readily quantifiable, however, UPMC recognizes that in the course of business, these expenses may occur."
204329740,2018,"PART II-B, LINE 1i",Allocation of Website to organize supporters to sign petitions in favor or against proposed congressional legislation.
370662561,2018,"PART II-B, LINE F",GRANTS TO OTHER ORGANIZATIONS FOR LOBBYING PURPOSES THE AMOUNT REPRESENTS THE PORTION OF DUES PAID TO PROFESSIONAL ORGANIZATIONS THAT IS ALLOCATED TO THE LOBBYING ACTIVITIES OF THOSE ORGANIZATIONS.
264436716,2018,II-A,"Father Flanagans Boys Home, 14100 Crawford Street, Boys Town NE 68010, 47-0376606, 314,861,452, 285,889 Father Flanagans Fund for Needy Children, 14100 Crawford Street, Boys Town, NE 68010, 36-3680258, 44,976,171, 0 Boys Town California, Inc., 14100 Crawford Street, Boys Town, NE 68010, 76-0720675, 760,897, 0 Boys Town Central Florida, Inc., 975 Oklahoma Street, Oviedo, FL 32765, 20-0654235, 6,601,309, 0 Boys Town Louisiana, Inc., 300 North Broad Street, Ste. 106, New Orleans, LA 70119, 41-2220807, 8,068,337, 0 Boys Town Nevada, Inc. 821 N Mojave Road., Las Vegas, NV 89101, 20-0654472, 4,397,009, 0 Boys Town New England, Inc., Barzarsky Campus 58 Flanagan Road., Portsmouth, RI 02871, 20-0655240, 7,748,500, 0 Boys Town New York, Inc., 14100 Crawford Street, Boys Town, NE 68010, 20-5960877, 1,019,944, 0 Boys Town North Florida, Inc., 3555 Commonwealth Blvd. Tallahassee, FL 32303, 20-0655144, 6,247,587, 0 Boys Town Washington .C. Inc., 4801 Sargent Rd N.E., Washington, DC 20017, 41-2220810, 6,433,805, 0 Boys Town South Florida, Inc., 1655 Palm Beach Lakes Blvd., West Palm Beach, FL 33401, 26-3965524, 8,028,782, 0 Lied Learning and Technology Center for Childhood Deafness and Vision Disorders, 14100 Crawford Street, Boys Town, NE 68010, 47-0841263, 945,997, 0 Nebraska Families Collaborative, 2110 Papillion Parkway, Omaha, NE 68164, 26-4436716, 68,090,179, 48,200."
941196203,2018,PART II-B,"THE ORGANIZATION PAID FEES TO OTHER ORGANIZATIONS FOR LOBBYING PURPOSES, PAID COMPENSATION TO STAFF AND MANAGEMENT IN THE PERFORMANCE OF THEIR DUTIES IN ATTEMPTING TO INFLUENCE LEGISLATION, HELD MEETINGS WITH AND CALLED GOVERNMENT OFFICIALS, AND DEVELOPED AND SENT LETTERS. IN ADDITION, THIS ORGANIZATION IS A MEMBER OF HEALTHCARE ASSOCIATIONS WHOSE PURPOSES INCLUDE DIRECTING, DEVELOPING, AND AFFECTING PUBLIC POLICY AND LEGISLATION WITH REGARD TO ISSUES AFFECTING HEALTHCARE. THE ORGANIZATION PAID ANNUAL DUES TO THESE ASSOCIATIONS, WHICH MAY BE USED FOR LOBBYING PURPOSES AS REFLECTED ON PART II-B, LINE 1I, OTHER ACTIVITIES."
742393839,2018,"Part I-A, Line 1 - Direct and Indirect Political Campaign Activities","THE ORGANIZATION MAINTAINS A PERMANENT LEGISLATIVE LIAISON AND ENGAGES IN PROCEEDINGS OF THE STATE AND NATIONAL LEGISLATURE AND THEIR COMMITTEES, OF THE TEXAS PARKS AND WILDLIFE DEPARTMENT AND STATE AND FEDERAL AGENCIES ON MATTERS AFFECTING THE INTERESTS OF OUR MEMBERS, AND TESTIFIES WHENEVER APPLICABLE IN SUPPORT OF THESE INTERESTS."
951637466,2018,"PART I-A, LINE 1:",NOT APPLICABLE
870409820,2018,"PART I-A, LINE 1:",SELECTHEALTH PARTICIPATES IN THE POLITICAL PROCESS BY PROVIDING SMALL AMOUNTS OF DIRECT CASH AND IN-KIND CONTRIBUTIONS TO STATE AND LOCAL CANDIDATES RUNNING FOR PUBLIC OFFICE.
743234716,2018,"SCHEDULE C, PART II-B, LINE 1",NAPPA ENGAGES IN EDUCATION AND OUTREACH TO LEGISLATORS AND VOTERS TO HELP INFORM AND IMPACT CHANGE IN LEGISLATION
475501097,2018,"Part I-A, Line 1:","Part I-A: Planned Parenthood Advocates Pasadena and San Gabriel Valley endorsed candidates for three statewide offices and conducted coordinated as well as independent expenditure work on these campaigns, primarily California's Senate District 25."
880361875,2017,"PART II-B, LINE 1:",LOBBYING EXPENSES FOR THE CURRENT FISCAL YEAR THAT WERE ACCRUED IN THE PRIOR YEAR AND PAID THIS YEAR. EXPENDITURES AND TIME SPENT LOBBYING WERE INSUBSTANTIAL COMPARED TO TIME/EXPENDITURES SPENT ON TYPICAL ACTIVITIES THE SMITH CENTER ENGAGES IN. THE SMITH CENTER HAS NO PLANS TO CONTINUE TO LOBBY IN THE FUTURE.
364724966,2017,"Schedule C, Part II-A, Line 1b, Column (a) AFFILIATED ORGANIZATIONS","ORGANIZATION NAME: NORTHWESTERN MEMORIAL HOSPITAL ADDRESS: 251 E HURON CHICAGO, Illinois 60611 EIN: 37-0960170 ORGANIZATION IS AN ELECTING ORGANIZATION GRASSROOTS LOBBYING AMOUNT: DIRECT LOBBYING AMOUNT: 86,855 TOTAL LOBBYING EXPENDITURES: 86,855 OTHER EXEMPT PURPOSE EXPENDITURES: 1,690,138,884 TOTAL EXEMPT PURPOSE EXPENDITURES: 1,690,225,739 LOBBYING NONTAXABLE AMOUNT: 1,000,000 TOTAL GRASSROOTS LESS NONTAXABLE AMOUNT: 250,000 TOTAL EXPENDITURES LESS NONTAXABLE AMOUNT: SHARE OF EXCESS LOBBYING EXPENDITURES:"
364724966,2017,"Schedule C, Part II-A, Line 1b, Column (a) AFFILIATED ORGANIZATIONS","ORGANIZATION NAME: NORTHWESTERN LAKE FOREST HOSPITAL ADDRESS: 1000 N WESTMORELAND ROAD LAKE FOREST, Illinois 60645 EIN: 36-2179779 ORGANIZATION IS AN ELECTING ORGANIZATION GRASSROOTS LOBBYING AMOUNT: DIRECT LOBBYING AMOUNT: 35,454 TOTAL LOBBYING EXPENDITURES: 35,454 OTHER EXEMPT PURPOSE EXPENDITURES: 366,931,291 TOTAL EXEMPT PURPOSE EXPENDITURES: 366,966,745 LOBBYING NONTAXABLE AMOUNT: 1,000,000 TOTAL GRASSROOTS LESS NONTAXABLE AMOUNT: 250,000 TOTAL EXPENDITURES LESS NONTAXABLE AMOUNT: SHARE OF EXCESS LOBBYING EXPENDITURES:"
364724966,2017,"Schedule C, Part II-A, Line 1b, Column (a) AFFILIATED ORGANIZATIONS","ORGANIZATION NAME: NORTHWESTERN MEDICAL FACULTY FOUNDATION ADDRESS: 251 E HURON CHICAGO, Illinois 60611 EIN: 36-3097297 ORGANIZATION IS AN ELECTING ORGANIZATION GRASSROOTS LOBBYING AMOUNT: DIRECT LOBBYING AMOUNT: TOTAL LOBBYING EXPENDITURES: OTHER EXEMPT PURPOSE EXPENDITURES: 1,086,203,978 TOTAL EXEMPT PURPOSE EXPENDITURES: 1,086,203,978 LOBBYING NONTAXABLE AMOUNT: 1,000,000 TOTAL GRASSROOTS LESS NONTAXABLE AMOUNT: 250,000 TOTAL EXPENDITURES LESS NONTAXABLE AMOUNT: SHARE OF EXCESS LOBBYING EXPENDITURES:"
364724966,2017,"Schedule C, Part II-A, Line 1b, Column (a) AFFILIATED ORGANIZATIONS","ORGANIZATION NAME: LAKE FOREST HEALTH & FITNESS INSTITUTE ADDRESS: 1200 N WESTMORELAND ROAD LAKE FOREST, Illinois 60645 EIN: 36-3835030 ORGANIZATION IS AN ELECTING ORGANIZATION GRASSROOTS LOBBYING AMOUNT: DIRECT LOBBYING AMOUNT: TOTAL LOBBYING EXPENDITURES: OTHER EXEMPT PURPOSE EXPENDITURES: 7,039,876 TOTAL EXEMPT PURPOSE EXPENDITURES: 7,039,876 LOBBYING NONTAXABLE AMOUNT: 501,994 TOTAL GRASSROOTS LESS NONTAXABLE AMOUNT: 125,498 TOTAL EXPENDITURES LESS NONTAXABLE AMOUNT: SHARE OF EXCESS LOBBYING EXPENDITURES:"
364724966,2017,"Schedule C, Part II-A, Line 1b, Column (a) AFFILIATED ORGANIZATIONS","ORGANIZATION NAME: NORTHWESTERN MEMORIAL FOUNDATION ADDRESS: 251 E HURON CHICAGO, Illinois 60611 EIN: 36-3155315 ORGANIZATION IS AN ELECTING ORGANIZATION GRASSROOTS LOBBYING AMOUNT: DIRECT LOBBYING AMOUNT: TOTAL LOBBYING EXPENDITURES: OTHER EXEMPT PURPOSE EXPENDITURES: 11,478,757 TOTAL EXEMPT PURPOSE EXPENDITURES: 11,478,757 LOBBYING NONTAXABLE AMOUNT: 723,938 TOTAL GRASSROOTS LESS NONTAXABLE AMOUNT: 180,984 TOTAL EXPENDITURES LESS NONTAXABLE AMOUNT: SHARE OF EXCESS LOBBYING EXPENDITURES:"
361408475,2017,"FORM 990, SCHEDULE C, PART II-B, LINE 1B","PAID STAFF OF MANAGEMENT Philip Hale, Vice President for Governmental Affairs, is registered as a lobbyist with the U.S. House of Representatives, the United States Senate, and the State of Illinois."
361408475,2017,"FORM 990, SCHEDULE C, PART II-B, LINE 1D",MAILINGS TO MEMBERS Members of Congress were contacted and asked to support the DREAM Act.
361408475,2017,"FORM 990, SCHEDULE C, PART II-B, LINE 1G","DIRECT CONTACT WITH LEGISLATORS During fiscal year 2018, the lobbying activities of the University involved contacts with legislators and their staffs at the federal, state, and city levels. These contacts, through office visits, phone conversations, and large gatherings were principally for purposes of goodwill and for issues related to student financial aid and tax issues at the federal, state, and city levels. At the federal level, contacts also involved support for the DREAM Act. In addition, lobbying efforts were taken at the end of 2017 to advocate against proposed tax reform bill provisions that negatively impacted students."
361408475,2017,"FORM 990, SCHEDULE C, PART II-B, LINE 1I","Several Loyola medical students traveled to Washington, D.C. to advocate for the DREAM Act on January 30, 2018."
480561974,2017,"PART II-B, LINE 1:",LOBBYING EXPENSES THROUGH DUES PAID TO THE KANSAS HOSPITAL ASSOCIATION AND THE AMERICAN HOSPITAL ASSOCIATION.
363152959,2017,"Schedule C, Part II-A, Line 1b, Column (a) Filing Organization","ORGANIZATION NAME: NORTHWESTERN MEMORIAL HEALTHCARE ADDRESS: 251 E HURON CHICAGO, Illinois 60611 EIN: 36-3152959 ORGANIZATION IS AN ELECTING ORGANIZATION GRASSROOTS LOBBYING AMOUNT: DIRECT LOBBYING AMOUNT: 89,800 TOTAL LOBBYING EXPENDITURES: 89,800 OTHER EXEMPT PURPOSE EXPENDITURES: 985,483,920 TOTAL EXEMPT PURPOSE EXPENDITURES: 985,573,720 LOBBYING NONTAXABLE AMOUNT: 1,000,000 TOTAL GRASSROOTS LESS NONTAXABLE AMOUNT: 250,000 TOTAL EXPENDITURES LESS NONTAXABLE AMOUNT: SHARE OF EXCESS LOBBYING EXPENDITURES:"
262639114,2017,"SCHEDULE C, PART IV",.
860974183,2017,"PART I-A, LINE 1:",THE ORGANIZATION IS NOT INVOLVED IN ANY DIRECT POLITICAL CAMPAIGN ACTIVITY. THE ORGANIZATION'S ONLY INDIRECT POLITICAL CAMPAIGN ACTIVITY IS THE PAYMENT OF CERTAIN ADMINISTRATIVE AND FUNDRAISING EXPENSES AND PROVIDING EMPLOYEES FOR CERTAIN ADMINISTRATIVE FUNCTIONS ON BEHALF OF TWO POLITICAL ACTION COMMITTEES (PAC).
461457252,2017,"PART I-A, LINE 1:",THE ORGANIZATION MADE CONTRIBUTIONS TO CAIDIDATES' CAMPAIGNS.
510169168,2016,Pt II-B Line 1,Bangladesh
510169168,2016,Pt II-B Line 1,Domestic Violence Act 2010
510169168,2016,Pt II-B Line 1,Child Marriage Restraint Act 2017
510169168,2016,Pt II-B Line 1,Guatemala
510169168,2016,Pt II-B Line 1,Decree 8-2015 of the National Congress of the Republic of Guatemala.
941340523,2016,"SCHEDULE C, PART I-A, LINE 1; PART I-B LINE 4b","KAISER FOUNDATION HEALTH PLAN, INC. (""KFHP"") OBTAINED A RULING FROM THE INTERNAL REVENUE SERVICE IN 2001 UNDER WHICH IT IS PERMITTED TO COLLECT VOLUNTARY EMPLOYEE CONTRIBUTIONS TO CERTAIN LABOR UNION COMMITTEES ON POLITICAL EDUCATION (""COPES"") AS PART OF ITS PAYROLL ADMINISTRATION AND TRANSFER THOSE CONTRIBUTIONS TO THE COPES WITHOUT TAX CONSEQUENCE SO LONG AS IT IS FULLY REIMBURSED FOR ALL COSTS OF ADMINISTRATION BY THE UNIONS. KFHP DUE TO AN ADMINISTRATIVE ERROR HAD NOT HISTORICALLY COLLECTED THE COSTS FROM THE UNIONS. BEGINNING IN 2016, KFHP COMMENCED BILLING AND INITIATED COLLECTION OF THE COSTS. KFHP HAS FILED FORMS 4720 AND PAID EXCISE TAXES UNDER SECTION 4955 AND FILED FORMS 1120-POL AND PAID CERTAIN INCOME TAXES ASSOCIATED WITH THE INDIRECT POLITICAL EXPENDITURES UNDER SECTION 527(F). KFHP HAS IMPLEMENTED CORRECTIVE ACTION BY INVOICING EACH LABOR UNION FOR ITS SHARE OF THE COSTS OF ESTABLISHING AND OPERATING THE PAYROLL ADMINISTRATION SERVICE FOR WITHHOLDING OF VOLUNTARY EMPLOYEE CONTRIBUTIONS TO COPES. KFHP IS PURSUING AVAILABLE LEGAL AVENUES, INCLUDING ITS DISPUTE RESOLUTION AND ARBITRATION PROCESSES UNDER THE APPLICABLE COLLECTIVE BARGAINING AGREEMENTS, TO SEEK AND OBTAIN REIMBURSEMENT. TO PREVENT FUTURE ERRORS KFHP HAS ADOPTED PROCESSES AND PROCEDURES FOR REIMBURSEMENT. KFHP BILLS TIMELY FOR ALL COSTS FROM EACH LABOR UNION AND REQUIRES TIMELY PAYMENT FOR A UNION TO CONTINUE TO PARTICIPATE IN THIS ADMINISTRATION SERVICE. THE ANNUAL COST OF ADMINISTRATION INCURRED AND BILLED FOR 2016 WAS $23,011, OF WHICH $21,533 WAS REIMBURSED BY THE LABOR UNIONS IN 2016. KFHP IS EXPECTED TO RECEIVE THE REMAINING $1,478 IN THE NEAR FUTURE."
941340523,2016,"SCHEDULE C, PART II-B, LINE 1A THROUGH 1I","THE ORGANIZATION (HEALTH PLAN) IS A MEMBER OF THE KAISER PERMANENTE MEDICAL CARE PROGRAM AND PARTICIPATED IN AND BENEFITED FROM LOBBYING ACTIVITIES CONDUCTED AT THE REGIONAL AND NATIONAL LEVELS FOR THE BENEFIT OF ITS ENROLLED MEMBERS, THE BROADER COMMUNITY AND FOR THE HEALTH CARE INDUSTRY AS A WHOLE. AS AN ORGANIZATION EXEMPT FROM INCOME TAX UNDER INTERNAL REVENUE CODE SECTION 501(C)(3), KAISER FOUNDATION HEALTH PLAN, INC. (KFHP) HAS A POLICY PROHIBITING ANY OF KFHP'S RESOURCES BEING USED IN ANY POLITICAL CAMPAIGNS. THIS POLICY IS CLOSELY MONITORED FOR COMPLIANCE. DURING THE YEAR THIS ORGANIZATION MADE COMMENTS OR STATEMENTS CONCERNING LEGISLATION AND BALLOT INITIATIVES WHICH MAY AFFECT THE HEALTH CARE INDUSTRY. KFHP ENGAGED IN CONVERSATIONS WITH AND/OR WRITTEN COMMUNICATIONS TO VARIOUS FEDERAL, STATE, AND LOCAL OFFICIALS REGARDING MATTERS WHICH AFFECTED THE HEALTHCARE INDUSTRY AS A WHOLE. THE AMOUNT OF MONEY INVOLVED IN THE ACTIVITIES IS DETAILED ON LINES A THROUGH I. KFHP EMPLOYS INDIVIDUALS, INCLUDING ONE OR MORE REGISTERED LOBBYISTS AND/OR MAY RETAIN ONE OR MORE PROFESSIONAL CONSULTANTS TO REPRESENT KFHP'S INTERESTS IN VARIOUS LEGISLATIVE AND REGULATORY BODIES AND FROM TIME-TO-TIME TO KEEP INFORMED ABOUT FEDERAL AND STATE LEGISLATION HAVING AN IMPACT ON KFHP'S CHARITABLE ACTIVITIES AS AN EXEMPT HEALTH MAINTENANCE ORGANIZATION. THESE INDIVIDUALS ATTEMPT TO ENSURE THAT PROPOSED LEGISLATION AND ENACTED LAWS ARE COMPATIBLE WITH THE INTERESTS OF KFHP, ITS MEMBERS AND ITS PATIENTS BY PERFORMING THE FOLLOWING ACTIVITIES: - COLLECTING, ANALYZING AND DISTRIBUTING WITHIN THE ORGANIZATION, PUBLIC AND PRIVATE POLICY RECOMMENDATIONS REGARDING PROPOSED LEGISLATION THAT AFFECT THE OPERATION OF KFHP AND ITS ABILITY TO PROVIDE QUALITY HEALTH AND MEDICAL CARE SERVICES TO ITS MEMBERS AND THE BROADER COMMUNITY IN A COST EFFECTIVE MANNER. - PROVIDING APPROPRIATE INFORMATIONAL MATERIALS TO LEGISLATORS AND THEIR STAFFS THAT PERTAIN TO MATTERS OF COMMON INTEREST IN THE HEALTH CARE COMMUNITY AND IN THE NOT-FOR-PROFIT COMMUNITY. - PREPARING WRITTEN AND ORAL TESTIMONY, APPEARING AT LEGISLATIVE HEARINGS, MONITORING LEGISLATIVE PROCEEDINGS AND MEETING WITH LEGISLATORS AND/OR THEIR STAFFS REGARDING ISSUES PERTINENT TO THE MISSION OF KFHP. INDIVIDUALS APPEARING AT SUCH HEARINGS AND MEETINGS FOR AND ON BEHALF OF KFHP OFTEN ARE REPRESENTING THE INTERESTS OF COMMON INTEREST GROUPS AS WELL AS THE INTERESTS OF THE MEMBERS AND PATIENTS OF KFHP. OTHER EMPLOYEES AND OFFICERS PERFORM SERVICES BY DELIVERING SPEECHES AT VARIOUS PUBLIC AND PRIVATE FUNCTIONS AND IN SERVING AS FACULTY IN HEALTHCARE RELATED EDUCATIONAL PROGRAMS THROUGHOUT THE COMMUNITY."
370813229,2016,"Schedule C, Part II-A, Line 1b, Column (a) SCH C, PART II-B LINE 1B",THE ONLY COST OF MAILING RELATED TO LOBBYING EXPENSES IS RELATED TO THE COST OF STAMPS. THE TOTAL EXPEDITURES RELATED TO MAILING IS MINOR AND THE ACTUAL DOLLAR AMOUNT IS NOT READILY AVAILABLE.
370813229,2016,"Schedule C, Part II-B, Line 1 DETAILED DESCRIPTION OF THE LOBBYING ACTIVITY","LINE 1I INCLUES LOBBYING EXPENSES PAID TO VARIOUS NATIONAL HEALTH ASSOCIATIONS AS PART OF DUES AND SUBSCRIPTIONS IN THE AMOUNT OF $261,796. LINE 1G INCLUDES DIRECT CONTACT WITH LEGISLATORS, THEIR STAFFS, GOVERNMENT OFFICIALS, AND LEGISLATIVE BODIES RELATING TO THE HOSPITAL, PHYSICIAN PAYMENT REFORM, CRITICAL ACCESS, MDH HOSPITAL RATE PROTECTION, ACO ACTIVITIES AND ADOPTION IN MEDICARE. THIS AMOUNTED TO $400,000."
370813229,2016,"Schedule C, Part II-B, Line 1 DETAILED DESCRIPTION OF THE LOBBYING ACTIVITY","LINE 1I INCLUES LOBBYING EXPENSES PAID TO VARIOUS NATIONAL HEALTH ASSOCIATIONS AS PART OF DUES AND SUBSCRIPTIONS IN THE AMOUNT OF $261,796. LINE 1G INCLUDES DIRECT CONTACT WITH LEGISLATORS, THEIR STAFFS, GOVERNMENT OFFICIALS, AND LEGISLATIVE BODIES RELATING TO THE HOSPITAL, PHYSICIAN PAYMENT REFORM, CRITICAL ACCESS, MDH HOSPITAL RATE PROTECTION, ACO ACTIVITIES AND ADOPTION IN MEDICARE. THIS AMOUNTED TO $400,000."
208534071,2016,"SCHEDULE C, PART II-B, LINE 1",PITTSBURGH UNITED LEGISLATIVE LOBBYING ACTIVITIESFY16-17 ONLY COSTS FOR THAT YEAR WERE DIRECT EXPENSES SUCH AS PARKING AND TRAVEL. LEGISLATIVE ACTIVITY FOCUSED ON A REFERENDUM FOR AN AFFORDABLE HOUSING TRUST FUND.
208295721,2019,Additional Information,"Part I-A UPMC Group Entities do not engage in any direct or indirect political activity. Part II-B UPMC Group maintains a department of government relations whose primary function is to maintain contact with elected and appointed officials at the federal, state, and local levels. The department promotes legislative actions with respect to healthcare related issues that could impact the organization. Part II-B, Line 1D The amount for mailings is not readily quantifiable, however, UPMC recognizes that in the course of business, these expenses may occur."
042774441,2019,"Part II-B, Line 1","Children's Hospital is a section 501(c)(3) organization whose mission is fourfold - to provide the best possible pediatric health care, combining compassion with advanced technical capabilities; to be the leading source of research and discovery, seeking new approaches to the prevention, diagnosis, and treatment of childhood diseases; to educate the next generation of leadership in child health care; and to provide education and healthcare services to the community. In fulfillment of the above mission, the Hospital advocates on behalf of children and the providers who care for them at the State and Federal levels. Professional staff in the Hospital's Office of Government Relations direct these activities and coordinate the work of other Hospital staff who support the advocacy efforts on an intermittent basis. The Hospital has also sent correspondence to and met directly with Federal, State and local legislators and officials. The Hospital has also utilized a grassroots network of employees and friends to advocate on behalf of children's health issues. In Fiscal Year 2020, four Office of Government Relations staff members registered with the State as lobbyists for some or all of the fiscal year, dedicating a portion of their time to lobbying activities. the Hospital also registered its CEO as a lobbyist, although her involvement in these efforts was minimal. Three Office of Government Relations staff members registered as lobbyists at the Federal level. The Hospital utilized the services of two outside consultants in Fiscal Year 2020 in either the Massachusetts General Court or the U.S. Congress. These consultants, on behalf of the Hospital, prepared written materials which are distributed to officials and met with elected and appointed officials. The following is a detailed list of lobbying expenses incurred: Josh Greenberg Registered Lobbyist Children's Hospital personnel $196,875 - Amy DeLong Registered Lobbyist Children's Hospital personnel $56,946 - Sandra Fenwick Registered Lobbyist Children's Hospital personnel $4,188 - Jamie Gaynes Children's Hospital personnel $83,965 - Amara Azabuike Children's Hospital personnel $21,223 - Shannon Moore Children's Hospital personnel $61,507 - Joe Grant Consultant Grant Associates 130 Bowdoin Street - Suite 1706, Boston, MA 02108 $40,000 - Nick Manetto Consultant Faegre BD 1050 K Street NW, Suite 400, Washington, DC 20001 $67,219 Total Lobbyist/Consultant Expenses = $531,923 Expenses Incurred by the Office of Government Relations for Lobbying Activities = $141,427 Grant to National Association of Children's Hospitals for graduate medical education related lobbying - $116,600 TOTAL LOBBYING EXPENSES = $789,950 In addition to Children's Hospital Corporation's direct and listed lobbying expenses, Children's Hospital Corporation pays dues to certain membership organizations, a piece of which may be used by such organizations for lobbying activities on behalf of this institution and other similarly situated organizations. Total direct and indirect lobbying expenditures were minimal and not substantial based on revenues."
231907729,2019,JDRF LOBBYING ACTIVITIES,"FORM 990- SCH-C- GENERAL STATEMENT OF ACTIVITIES JDRF is the leading global organization funding type 1 diabetes (T1D) research, focused on curing T1D and improving lives. JDRF's advocacy includes lobbying activity to ensure Congress continues to invest in critically important medical research and puts in place policies to advance development and access to therapies to cure T1D and help people stay as healthy as possible until that day. JDRF has been instrumental in securing the renewal of the Special Diabetes Program, which provides $150MM annually for T1D research at the National Institutes of Health. JDRF staff and volunteers communicate with government officials through email, phone calls, and meetings, to educate them on issues and encourage the advancement of legislation."
364724966,2019,"Schedule C, Part II-A, Line 1b, Column (a) AFFILIATED ORGANIZATIONS","ORGANIZATION NAME: NORTHWESTERN MEMORIAL HOSPITAL ADDRESS: 251 E HURON CHICAGO, Illinois 60611 EIN: 37-0960170 ORGANIZATION IS AN ELECTING ORGANIZATION GRASSROOTS LOBBYING AMOUNT: DIRECT LOBBYING AMOUNT: 83,630 TOTAL LOBBYING EXPENDITURES: 83,630 OTHER EXEMPT PURPOSE EXPENDITURES: 2,008,649,764 TOTAL EXEMPT PURPOSE EXPENDITURES: 2,008,733,394 LOBBYING NONTAXABLE AMOUNT: 1,000,000 TOTAL GRASSROOTS LESS NONTAXABLE AMOUNT: 250,000 TOTAL EXPENDITURES LESS NONTAXABLE AMOUNT: SHARE OF EXCESS LOBBYING EXPENDITURES:"
364724966,2019,"Schedule C, Part II-A, Line 1b, Column (a) AFFILIATED ORGANIZATIONS","ORGANIZATION NAME: NORTHWESTERN LAKE FOREST HOSPITAL ADDRESS: 1000 N WESTMORELAND ROAD LAKE FOREST, Illinois 60645 EIN: 36-2179779 ORGANIZATION IS AN ELECTING ORGANIZATION GRASSROOTS LOBBYING AMOUNT: DIRECT LOBBYING AMOUNT: 35,391 TOTAL LOBBYING EXPENDITURES: 35,391 OTHER EXEMPT PURPOSE EXPENDITURES: 454,367,599 TOTAL EXEMPT PURPOSE EXPENDITURES: 454,402,990 LOBBYING NONTAXABLE AMOUNT: 1,000,000 TOTAL GRASSROOTS LESS NONTAXABLE AMOUNT: 250,000 TOTAL EXPENDITURES LESS NONTAXABLE AMOUNT: SHARE OF EXCESS LOBBYING EXPENDITURES:"
364724966,2019,"Schedule C, Part II-A, Line 1b, Column (a) AFFILIATED ORGANIZATIONS","ORGANIZATION NAME: NORTHWESTERN MEDICAL FACULTY FOUNDATION ADDRESS: 251 E HURON CHICAGO, Illinois 60611 EIN: 36-3097297 ORGANIZATION IS AN ELECTING ORGANIZATION GRASSROOTS LOBBYING AMOUNT: DIRECT LOBBYING AMOUNT: TOTAL LOBBYING EXPENDITURES: OTHER EXEMPT PURPOSE EXPENDITURES: 1,324,007,186 TOTAL EXEMPT PURPOSE EXPENDITURES: 1,324,007,186 LOBBYING NONTAXABLE AMOUNT: 1,000,000 TOTAL GRASSROOTS LESS NONTAXABLE AMOUNT: 250,000 TOTAL EXPENDITURES LESS NONTAXABLE AMOUNT: SHARE OF EXCESS LOBBYING EXPENDITURES:"
364724966,2019,"Schedule C, Part II-A, Line 1b, Column (a) AFFILIATED ORGANIZATIONS","ORGANIZATION NAME: LAKE FOREST HEALTH & FITNESS INSTITUTE ADDRESS: 1200 N WESTMORELAND ROAD LAKE FOREST, Illinois 60645 EIN: 36-3835030 ORGANIZATION IS AN ELECTING ORGANIZATION GRASSROOTS LOBBYING AMOUNT: DIRECT LOBBYING AMOUNT: TOTAL LOBBYING EXPENDITURES: OTHER EXEMPT PURPOSE EXPENDITURES: TOTAL EXEMPT PURPOSE EXPENDITURES: LOBBYING NONTAXABLE AMOUNT: TOTAL GRASSROOTS LESS NONTAXABLE AMOUNT: TOTAL EXPENDITURES LESS NONTAXABLE AMOUNT: SHARE OF EXCESS LOBBYING EXPENDITURES:"
364724966,2019,"Schedule C, Part II-A, Line 1b, Column (a) AFFILIATED ORGANIZATIONS","ORGANIZATION NAME: NORTHWESTERN MEMORIAL FOUNDATION ADDRESS: 251 E HURON CHICAGO, Illinois 60611 EIN: 36-3155315 ORGANIZATION IS AN ELECTING ORGANIZATION GRASSROOTS LOBBYING AMOUNT: DIRECT LOBBYING AMOUNT: TOTAL LOBBYING EXPENDITURES: OTHER EXEMPT PURPOSE EXPENDITURES: 15,246,759 TOTAL EXEMPT PURPOSE EXPENDITURES: 15,246,759 LOBBYING NONTAXABLE AMOUNT: 912,338 TOTAL GRASSROOTS LESS NONTAXABLE AMOUNT: 228,084 TOTAL EXPENDITURES LESS NONTAXABLE AMOUNT: SHARE OF EXCESS LOBBYING EXPENDITURES:"
453358926,2019,"Schedule C, Part II-B, Line 1 DETAILED DESCRIPTION OF THE LOBBYING ACTIVITY","Lobbying activities included mailings and direct contact with Legislators and/or staff members of the United States Senate and House of Representatives. Lobbying issues were related to carrying out programs to serve the uninsured. Total expenditures were approximately $2,156,250 and included salaries for employees in Ascension Health Alliance's advocacy department, office expenses, travel, occupancy, IT expense, professional services and membership dues. Ascension Health Alliance does not participate in or intervene in (including the publishing or distributing of statements) any political campaign on behalf of (or in opposition to) any candidate for public office."
582149128,2019,"Schedule C, Part II-B, Line 1 DETAILED DESCRIPTION OF THE LOBBYING ACTIVITY",LOBBYING EXPENSES INCLUDE CONTRACTED INDIVIDUALS TO LOBBY ON THE ORGANIZATIONS BEHALF.
900656139,2019,LOBBYING EXPENSES,"THE CORPORATION MAY ON OCCASION REVIEW PROPOSED LEGISLATION FOR THE PURPOSE OF DETERMINING THE EFFECT UPON ITS TAX-EXEMPT PURPOSES. THE CORPORATION MAY ON OCCASION ALSO APPEAR BEFORE A LEGISLATIVE COMMITTEE, CONFER WITH LEGISLATORS OR OTHERWISE ATTEMPT TO INFLUENCE LEGISLATION. HOWEVER, IT WILL NOT PARTICIPATE, IN ANY WAY, IN POLITICAL CAMPAIGNS. THE CORPORATION'S INVOLVEMENT IN LEGISLATIVE ACTIVITIES CONSTITUTES AN INSUBSTANTIAL PART OF ITS ACTIVITIES. IN ADDITION, NELSON MULLINS RILEY & SCARBOROUGH LLP (""NELSON MULLINS"") IS PROVIDING STRATEGIC COUNSELING AND PUBLIC POLICY REPRESENTATION TO THE HOME BASE PROGRAM ON A PRO BONO BASIS. NELSON MULLINS WILL ADVOCATE FOR THE HOME BASE PROGRAM BEFORE SELECTED MEMBERS OF CONGRESS AS WELL AS HELPING THE HOME BASE PROGRAM BUILD RELATIONSHIPS IN THE DEFENSE INDUSTRY. THE MAJORITY OF THE FUNDS EXPENDED FOR LOBBYING ACTIVITIES WERE FOR PAYMENTS MADE TO THE MASSACHUSETTS HEALTH & HOSPITAL ASSOCIATION, WHICH DETERMINED THAT DURING FISCAL YEAR 2020 11.08% OF ITS MEMBERSHIP DUES WERE USED FOR LOBBYING PURPOSES."
951684089,2019,"SCHEDULE C, PART II-B","PUBLIC AFFAIRS INFORMATION AND EDUCATION SCRIPPS HEALTH ON ITS OWN BEHALF AND AS A MEMBER OF SEVERAL HOSPITAL ASSOCIATIONS AND HEALTH CARE ORGANIZATIONS PARTICIPATES IN PUBLIC AFFAIRS AND ADVOCACY ACTIVITIES. SOME ACTIVITY IS INDIVIDUALLY OR COLLECTIVELY CONDUCTED BY AND SPECIFICALLY ON BEHALF OF SCRIPPS HEALTH. OTHER ACTIVITY IS ORGANIZED BY THESE INVOLVED ORGANIZATIONS SUPPORTED BY SCRIPPS HEALTH PARTICIPATION. THIS ACTIVITY INCLUDES BRIEFING OF LEGISLATORS AND LEGISLATIVE STAFF MEMBERS (FEDERAL, STATE AND LOCAL) ON MATTERS AFFECTING HEALTH CARE AND HEALTH CARE OPERATIONS. MEETINGS OCCUR IN PUBLIC OFFICIAL OFFICES, AT SCRIPPS FACILITIES AND IN VARIOUS OTHER VENUES OF OPPORTUNITY. ACTIVITY IS ON FEDERAL, STATE AND LOCAL LEVELS AND LOCATIONS. SUCH MATTERS INCLUDE: ACCOUNTABLE CARE ACT (HEALTH REFORM); BUDGET AND FISCAL POLICY IMPACTS; REIMBURSEMENT MATTERS; PROVIDER FEES AND OTHER ASSESSMENTS; DATA MANAGEMENT AND REPORTING; QUALITY AND PATIENT SAFETY MATTERS, HEALTH INFORMATION TECHNOLOGY AND THE IMPLEMENTATION OF ELECTRONIC HEALTH RECORDS, EMERGENCY DEPARTMENT OPERATIONS AND IMPACTS; UNINSURED, COST SHIFT IMPACTS AND OTHER SAFETY NET ISSUES; COMMUNITY BENEFIT PROGRAMS; GRADUATE MEDICAL EDUCATION; SITE-NEUTRAL PRICING, VALUE-BASED PURCHASING; BUNDLED PAYMENTS; ACCOUNTABLE CARE ORGANIZATIONS, MEDICARE, MEDICAID. THE ORGANIZATION STAFFS A GOVERNMENT RELATIONS DEPARTMENT THAT COORDINATES INFORMATION AND EDUCATION PROGRAMS ON PUBLIC POLICY AND ADVOCACY MATTERS. ALL WORK IS FOCUSED ON ISSUES. NO ACTIVITY ADDRESSES PARTISAN MATTERS, CANDIDATES OR POLITICAL ACTIVITIES. NO CORPORATE ACTIVITY ADDRESSED PARTISAN CAMPAIGNS. DIRECT COMMUNICATION (MEETINGS, EMAIL, CALLS, LETTERS) WITH SAN DIEGO LEGISLATIVE DELEGATIONS - FEDERAL AND STATE. ON SAN DIEGO LOCAL LEVEL EMPLOYED SD LAND LAWYERS TO REPRESENT INTERESTS ON LAND DEVELOPMENT NEEDS. ON CALIFORNIA STATE LEVEL EMPLOYED LOBBY FIRM JGC GOVERNMENT RELATIONS TO REPRESENT INTERESTS ON CERTAIN MEASURES. LOBBY FIRM ALSO WORKED WITH OTHER HEALTH SYSTEM CONTRACT LOBBYISTS AND CALIFORNIA HOSPITAL ASSOCIATION LOBBY TEAM ON SELECTED LEGISLATION. WORKED IN CONCERT WITH STATE AND NATIONAL HEALTH CARE ORGANIZATIONS THAT CONDUCTED LOBBY PROGRAMS, INCLUDING: AMERICAN HOSPITAL ASSOCIATION, CALIFORNIA HOSPITAL ASSOCIATION, HOSPITAL ASSOCIATION OF SAN DIEGO AND IMPERIAL COUNTIES, PRIVATE ESSENTIAL ACCESS COMMUNITY HOSPITALS, ALLIANCE OF CATHOLIC HEALTH CARE. SCRIPPS HEALTH DID NOT FILE FORM 5768 UNDER SECTION 501(H). THERE ARE TESTS FOR TAX EXEMPTION - A ""SUBSTANTIAL PART TESTAN ""EXPENDITURE TEST."" AS A 501(C)(3) ORGANIZATION, WE CAN OPT TO FOLLOW THE GUIDELINE THAT ""NO SUBSTANTIAL PART"" OF OUR ACTIVITIES ARE CARRIED ON TO INFLUENCE LEGISLATION. UNDER SECTION 501(H), ELIGIBLE 501(C)(3) ORGANIZATIONS CAN ELECT TO MAKE LIMITED EXPENDITURES TO INFLUENCE LEGISLATION. THE ""EXPENDITURE TEST"" IS SUBJECT TO AMOUNTS PERMITTED BY THAT SECTION. WHILE OUR EXPENDITURES FALL WELL BELOW THE LIMITS, WE ALSO EXPEND WHAT IS GENERALLY CONSIDERED AS NO SUBSTANTIAL PART ON SUCH EXPENDITURES. THEREFORE, WE OPT NOT TO FILE FORM 5768, THE FORM REQUIRED UNDER SECTION 501(H). NATIONAL, STATE & LOCAL ORGANIZATIONS WITH WHICH SCRIPPS HEALTH PARTICIPATES IN PART IN LOBBY ACTIVITIES: AMERICAN HOSPITAL ASSOCIATION CALIFORNIA HOSPITAL ASSOCIATION HOSPITAL ASSOCIATION OF SAN DIEGO & IMPERIAL COUNTIES PRIVATE ESSENTIAL ACCESS COMMUNITY HOSPITALS ALLIANCE FOR CATHOLIC HEALTH CARE"
951684089,2019,"SCHEDULE C, PART II - B, LINE 1B","PERSONS AT SCRIPPS HEALTH EXCEEDED 5% OF TOTAL TIME SPENT ON DIRECT CONTACT WITH LEGISLATORS, STAFF AND GOVERNMENT OFFICIALS TO ENGAGE IN LOBBYING ACTIVITIES."
951684089,2019,"SCHEDULE C, PART II - B, LINE 1D",POSTAGE FOR COMMUNITY LETTER SENT TO NEIGHBORS ADJACENT TO SCRIPPS MEMORIAL HOSPITAL ENCINITAS IN THE CITY OF ENCINITAS AS PART OF PERMITTING REQUIREMENTS FOR THE CONSTRUCTION OF SOLAR INSTALLATIONS AND AN ACUTE CARE BUILDING ON THE HOSPITAL CAMPUS.
951684089,2019,"SCHEDULE C, PART II - B, LINE 1G","VALUE DETERMINED UTILIZING GROSS-UP METHOD FOR DIRECT LOBBYING COSTS. LOBBYING LABOR COSTS OF (2) PERSONS AT SCRIPPS HEALTH X 175% + ALLOCABLE THIRD-PARTY COSTS (JGC CONSULTING, SD LAND LAWYERS) SPENT ON DIRECT CONTACT WITH LEGISLATORS, STAFF AND GOVERNMENT OFFICIALS TO ENGAGE IN LOBBYING ACTIVITIES ARE REFERENCED HERE."
951684089,2019,"SCHEDULE C, PART II - B, LINE 1H",ROOM RENTAL AND MATERIAL COSTS FOR COMMUNITY MEETING MANDATED BY THE CITY OF CHULA VISTA FOR THE ENTITLEMENT PROCESS FOR THE SCRIPPS HEALTH AND ACADIA HEALTHCARE PROPOSED BEHAVIORAL HEALTH HOSPITAL IN THE CITY OF CHULA VISTA.
452641647,2019,"SCHEDULE C, PART II-A, EXPLANATION OF FOUR YEAR AVERAGING",THE ORGANIZATION HAD MINIMIAL LOBBYING ACTIVITY IN THE CURRENT YEAR.
912153073,2019,SCHEDULE C - PART II-A,"THE TAXPAYER ACQUIRED MARTIN MEMORIAL MEDICAL CENTER, INC., EIN 59-0637874, IN 2019. MARTIN MEMORIAL MEDICAL CENTER, INC. FILES A SEPARATE FORM 990, IS A 501(C)(3) ORGANIZATION AND FILED FORM 5768 (ELECTION UNDER 501(H))."
470466144,2019,"SCHEDULE C, PART II-A",THE FIRST YEAR LOBBYING EXPENSES WERE INCURRED WAS 2016.
530116130,2019,"Schedule C, Part I-C, Line 5 POLITICAL ACTION COMMITTEE","THE NRA POLITICAL VICTORY FUND, AN INDEPENDENT POLITICAL ACTION COMMITTEE (PAC) OF THE NRA, DIRECTLY RECEIVED CONTRIBUTIONS DURING 2019 OF $10,713,253."
530116130,2019,"Schedule C, Part I-C, Line 4 Form 1120-POL","THIS INFORMATION NOTE REGARDS THE NRA'S TAXES. THE NRA SEPARATELY FILES FORM 1120-POL, WHICH IS NOT SUBJECT TO PUBLIC DISCLOSURE. THE FOLLOWING INFORMATION ABOUT TAXES PAID WITH THE NRA'S FORMS 1120-POL IS SHARED HERE ON A VOLUNTARY BASIS AS A SERVICE TO READERS AND TO DEMONSTRATE IN GOOD FAITH THAT THE ORGANIZATION IS A TAXPAYER IN GOOD STANDING. 527(F) PROXY TAX IS PAID ON THE LESSER OF NET INVESTMENT INCOME OR CERTAIN POLITICAL EXPENDITURES AS DEFINED BY THE FEDERAL TAX CODE, SUCH AS WHEN CERTAIN POLITICAL COMMUNICATIONS EXPRESSLY ADVOCATE THE ELECTION OR DEFEAT OF A CANDIDATE AND ARE MADE BY THE NRA ITSELF RATHER THAN BY THE NRA'S SEPARATE SEGREGATED FUND. THE AMOUNT OF 527 (F) PROXY TAX PAID WITH THE NRA'S 2019 FORM 1120-POL WAS ZERO. HISTORICALLY, 527(F) PROXY TAX WAS REQUIRED TO BE PAID FOR 2018 WAS $164,944; NO 527(F) PROXY TAX WAS REQUIRED TO BE PAID FOR 2017; THE AMOUNT OF 527(F) PROXY TAX PAID WITH THE NRA'S 2016 FORM 1120-POL WAS $20,835; THE AMOUNT PAID WITH THE NRA'S 2015 FORM 1120-POL WAS $21,817. AS ANOTHER POLITE REMINDER TO REPORTERS AND OTHER READERS, FORM 990 INFORMATION IS NOT NECESSARILY EXPECTED TO TIE TO FEDERAL ELECTION COMMISSION (FEC) REPORTING DUE TO DIFFERENT DEFINITIONS AND EXCLUSIONS IN THE DIFFERENT REGULATORY REGIMES."
530116130,2019,"Schedule C, Part I-A, Line 1 Description of Political Activities","SUPPORT FOR FUNDRAISING AND ADMINISTRATIVE EXPENSES OF A SEPARATE SEGREGATED FUND IS INDUSTRY STANDARD FOR NONPROFIT ORGANIZATIONS LIKE THE NRA, AS ALLOWED BY LAW. IN 2019, THE NRA PAID $2,971,894 FUNDRAISING AND ADMINISTRATIVE EXPENSES FOR THE SEPARATE SEGREGATED FUND, NRA POLITICAL VICTORY FUND, AS ALLOWED BY LAW. THE NRA ENGAGED IN ACTIVITIES IN SUPPORT OF ITS MISSION, WHICH INCLUDES PROTECTING AND DEFENDING THE CONSTITUTION OF THE UNITED STATES, ESPECIALLY WITH REFERENCE TO THE INALIENABLE RIGHT OF INDIVIDUAL AMERICAN CITIZEN GUARANTEED BY SUCH CONSTITUTION TO ACQUIRE, POSSESS, COLLECT, EXHIBIT, TRANSPORT, CARRY, TRANSFER OWNERSHIP OF, AND ENJOY THE RIGHT TO USE ARMS, IN ORDER THAT THE PEOPLE MAY ALWAYS BE IN A POSITION TO EXERCISE THEIR LEGITIMATE INDIVIDUAL RIGHTS OF SELF PRESERVATION AND DEFENSE OF FAMILY, PERSON, AND PROPERTY. IN PURSUIT OF THESE GOALS OF THE ASSOCIATION, THE NRA SPENT FUNDS DIRECTLY AND INDIRECTLY ON POLITICAL ACTIVITIES, WHICH WERE NOT THE PRIMARY ACTIVITIES OF THE ORGANIZATION. THE NRA IS ORGANIZED PRIMARILY TO PROMOTE SOCIAL WELFARE AND CAN ALSO ENGAGE IN POLITICAL ACTIVITIES ON BEHALF OF OR IN OPPOSITION TO CANDIDATES FOR POLITICAL OFFICE, AS ALLOWED BY LAW. BY ANY MEASURE, THE PERCENTAGE OF FUNDS SPENT BY THE NRA ON POLITICAL ACTIVATES IS MODEST IN COMPARISON TO THE BUDGET DEVOTED TO THE PRIMARY ACTIVITIES OF THE NRA. FOR INSTANCE, ALL EXPENDITURES NOTED ON PART I-A AND I-C OF SCHEDULE C AMOUNTED TO ABOUT 1% OF THE NRA'S TOTAL EXPENSES IN 2019, AS APPLIED TO TOTAL EXPENSES REPORTED ON FORM 990, PART IX, LINE 25. REPORTERS AND OTHER READERS ARE ALSO KINDLY REMINDED THAT THE SEPARATE SEGREGATED FUND IS A SEPARATE ENTITY FOR TAX PURPOSES."
133539048,2019,"Part I-A, LINE 1:","PLANNED PARENTHOOD ACTION FUND, INC. (THE ""ACTION FUND"") COMMUNICATED WITH ITS MEMBERS AND THE GENERAL PUBLIC ABOUT FEDERAL AND STATE ELECTIONS. ITS SPECIFIC ACTIVITIES INCLUDED USE OF THE MAIL, INTERNET, RADIO, TELEVISION ADVERTISING AND PHONE BANKING TO EDUCATE ITS MEMBERS AND THE PUBLIC ABOUT THE POSITIONS OF CANDIDATES ON ISSUES PERTINENT TO REPRODUCTIVE HEALTH AND TO URGE THEM TO VOTE FOR CANDIDATES LIKELY TO ADVANCE THE ORGANIZATIONS MISSION. THE ACTION FUND SUPPORTED OTHER ORGANIZATIONS UNDERTAKING SIMILAR EFFORTS, INCLUDING FUNDRAISING AND ADMINISTRATIVE EXPENSES OF RELATED 527 ORGANIZATIONS (PLANNED PARENTHOOD ACTION FUND, INC. PAC AND PLANNED PARENTHOOD VOTES)."
571136023,2019,"PART II-B, LINE 1:",AMERICANSS FOR CURES FOUNDATION IS A 501(C)3 ORGANIZATION. MORE THAN 50% OF THE BOARD MEMBERS OF AMERICANS FOR STEM CELL THERAPIES AND CURES ARE ALSO BOARD MEMBERS OF AMERICAN FOR CURES FOUNDATION.
571136023,2019,SCHEDULE C - PART III-A,"THE ORGANIZATION DID NOT RECEIVE ANY MEMBERSHIP DUES, ASSESSMENTS, OR SIMILAR AMOUNTS TO ITS MEMBERS."
620757525,2019,"SCHEDULE C, PART I-A, LINE 1",NONE
620757525,2019,"SCHEDULE C, PART II-A",N/A
136227614,2020,"PART II-B, LINE 1G",INCURRED TRAVEL EXPENSES FOR AIRFARE TO A JPAC MEETING. THE MEETING WAS CANCELED & THE CREDIT WILL BE USED TO ATTEND THE NEXT MEETING.
136227614,2020,"PART II-B, LINE 1I",INCURRED EXPENSES FOR DUES PAID TO JPAC (JEWISH PUBLIC AFFAIRS COMMITTEE) OF CALIFORNIA A LOBBYING ORGANIZATION.
135562401,2020,"Schedule C, Part II-B, Line 1 DETAILED DESCRIPTION OF THE LOBBYING ACTIVITY",THE YMCA RETIREMENT FUND IS A MEMBER OF THE CHURCH ALLIANCE WHICH ENGAGES IN DIRECT LOBBYING REGARDING LEGISLATION THAT ADVERSELY AFFECTS CHURCH PENSION AND BENEFIT PLANS. THE AMOUNT INDICATED ABOVE REFERENCED DUES PAID.
364724966,2020,"Schedule C, Part II-A, Line 1b, Column (a) AFFILIATED ORGANIZATIONS","ORGANIZATION NAME: NORTHWESTERN MEMORIAL HOSPITAL ADDRESS: 251 E HURON CHICAGO, Illinois 60611 EIN: 37-0960170 ORGANIZATION IS AN ELECTING ORGANIZATION GRASSROOTS LOBBYING AMOUNT: DIRECT LOBBYING AMOUNT: 88,958 TOTAL LOBBYING EXPENDITURES: 88,958 OTHER EXEMPT PURPOSE EXPENDITURES: 2,152,237,558 TOTAL EXEMPT PURPOSE EXPENDITURES: 2,152,326,516 LOBBYING NONTAXABLE AMOUNT: 1,000,000 TOTAL GRASSROOTS LESS NONTAXABLE AMOUNT: 250,000 TOTAL EXPENDITURES LESS NONTAXABLE AMOUNT: SHARE OF EXCESS LOBBYING EXPENDITURES:"
364724966,2020,"Schedule C, Part II-A, Line 1b, Column (a) AFFILIATED ORGANIZATIONS","ORGANIZATION NAME: NORTHWESTERN LAKE FOREST HOSPITAL ADDRESS: 1000 N WESTMORELAND ROAD LAKE FOREST, Illinois 60645 EIN: 36-2179779 ORGANIZATION IS AN ELECTING ORGANIZATION GRASSROOTS LOBBYING AMOUNT: DIRECT LOBBYING AMOUNT: 44,634 TOTAL LOBBYING EXPENDITURES: 44,634 OTHER EXEMPT PURPOSE EXPENDITURES: 485,445,815 TOTAL EXEMPT PURPOSE EXPENDITURES: 485,490,449 LOBBYING NONTAXABLE AMOUNT: 1,000,000 TOTAL GRASSROOTS LESS NONTAXABLE AMOUNT: 250,000 TOTAL EXPENDITURES LESS NONTAXABLE AMOUNT: SHARE OF EXCESS LOBBYING EXPENDITURES:"
364724966,2020,"Schedule C, Part II-A, Line 1b, Column (a) AFFILIATED ORGANIZATIONS","ORGANIZATION NAME: NORTHWESTERN MEDICAL FACULTY FOUNDATION ADDRESS: 251 E HURON CHICAGO, Illinois 60611 EIN: 36-3097297 ORGANIZATION IS AN ELECTING ORGANIZATION GRASSROOTS LOBBYING AMOUNT: DIRECT LOBBYING AMOUNT: TOTAL LOBBYING EXPENDITURES: OTHER EXEMPT PURPOSE EXPENDITURES: 1,491,891,228 TOTAL EXEMPT PURPOSE EXPENDITURES: 1,491,891,228 LOBBYING NONTAXABLE AMOUNT: 1,000,000 TOTAL GRASSROOTS LESS NONTAXABLE AMOUNT: 250,000 TOTAL EXPENDITURES LESS NONTAXABLE AMOUNT: SHARE OF EXCESS LOBBYING EXPENDITURES:"
364724966,2020,"Schedule C, Part II-A, Line 1b, Column (a) AFFILIATED ORGANIZATIONS","ORGANIZATION NAME: NORTHWESTERN MEMORIAL FOUNDATION ADDRESS: 251 E HURON CHICAGO, Illinois 60611 EIN: 36-3155315 ORGANIZATION IS AN ELECTING ORGANIZATION GRASSROOTS LOBBYING AMOUNT: DIRECT LOBBYING AMOUNT: TOTAL LOBBYING EXPENDITURES: OTHER EXEMPT PURPOSE EXPENDITURES: 13,627,676 TOTAL EXEMPT PURPOSE EXPENDITURES: 13,627,676 LOBBYING NONTAXABLE AMOUNT: 831,384 TOTAL GRASSROOTS LESS NONTAXABLE AMOUNT: 207,846 TOTAL EXPENDITURES LESS NONTAXABLE AMOUNT: SHARE OF EXCESS LOBBYING EXPENDITURES:"
364724966,2020,"Schedule C, Part II-A, Line 1b, Column (a) AFFILIATED ORGANIZATIONS","ORGANIZATION NAME: CENTRAL DUPAGE HOSPITAL ASSOCIATION ADDRESS: 25 N WINFIELD ROAD WINFIELD, Illinois 60190 EIN: 36-2513909 ORGANIZATION IS AN ELECTING ORGANIZATION GRASSROOTS LOBBYING AMOUNT: DIRECT LOBBYING AMOUNT: 75,513 TOTAL LOBBYING EXPENDITURES: 75,513 OTHER EXEMPT PURPOSE EXPENDITURES: 994,100,672 TOTAL EXEMPT PURPOSE EXPENDITURES: 994,176,185 LOBBYING NONTAXABLE AMOUNT: 1,000,000 TOTAL GRASSROOTS LESS NONTAXABLE AMOUNT: 250,000 TOTAL EXPENDITURES LESS NONTAXABLE AMOUNT: SHARE OF EXCESS LOBBYING EXPENDITURES:"
453358926,2020,"Schedule C, Part II-B, Line 1 DETAILED DESCRIPTION OF THE LOBBYING ACTIVITY","Lobbying activities included mailings and direct contact with Legislators and/or staff members of the United States Senate and House of Representatives. Lobbying issues were related to carrying out programs to serve the uninsured, the poor and the vulnerable. Total expenditures were approximately $1,260,000 and included salaries for employees in Ascension Health Alliance's advocacy department, office expenses, travel, occupancy, IT expense, professional services and membership dues. Ascension Health Alliance does not participate in or intervene in (including the publishing or distributing of statements) any political campaign on behalf of (or in opposition to) any candidate for public office."
314379427,2020,"PART II-B, LINE 1:",LINE 1 (I) OTHER ACTIVITIES TWELVE ORGANIZATIONS REPORTED THAT A PORTION OF MEMBERSHIP DUES PAID BY BATTELLE WERE USED FOR LOBBYING.
314379427,2020,SCHEDULE C SUPPLEMENTAL INFORMATION - PART IV,"INTERNAL LOBBYING EXPENSES TOTALED $273,305 AND EXTERNAL LOBBYING EXPENSES TOTALED $576,581 FOR A TOTAL OF $849,886. THE GENERAL ISSUE AREA FOR LOBBYING IS INCREASED FUNDING IN THE FEDERAL BUDGET FOR SCIENTIFIC RESEARCH AND DEVELOPMENT PROGRAMS, THROUGH AUTHORIZATION AND APPROPRIATIONS BILLS AND REPORT LANGUAGE. THE SPECIFIC LOBBYING ISSUES INCLUDE THE U.S. HOUSE AND SENATE AUTHORIZATION BILLS FOR THE DEPARTMENT OF AGRICULTURE (FOOD AND DRUG ADMINISTRATION); DEPARTMENT OF COMMERCE; DEPARTMENT OF DEFENSE; DEPARTMENT OF EDUCATION; DEPARTMENT OF ENERGY; DEPARTMENT OF HEALTH AND HUMAN SERVICES (NATIONAL INSTITUTES OF HEALTH AND CENTERS FOR DISEASE CONTROL AND PREVENTION); DEPARTMENT OF HOMELAND SECURITY, DEPARTMENT OF THE INTERIOR (ENVIRONMENTAL PROTECTION AGENCY), DEPARTMENT OF VETERANS AFFAIRS, AND THE NATIONAL SCIENCE FOUNDATION. ADDITIONALLY, THEY INCLUDE THE U.S. HOUSE AND SENATE APPROPRIATIONS BILLS FOR: AGRICULTURE, RURAL DEVELOPMENT, FOOD AND DRUG ADMINISTRATION, AND RELATED AGENCIES; COMMERCE, JUSTICE, SCIENCE, AND RELATED AGENCIES; DEFENSE; ENERGY AND WATER DEVELOPMENT; HOMELAND SECURITY; LABOR, HEALTH AND HUMAN SERVICES, EDUCATION, AND RELATED AGENCIES; MILITARY CONSTRUCTION, VETERANS AFFAIRS, AND RELATED AGENCIES; STATE, FOREIGN OPERATIONS, AND RELATED PROGRAMS. THE HOUSE(S) OF CONGRESS AND FEDERAL AGENCIES CONTACTED (THOUGH NOT NECESSARILY LOBBIED) INCLUDE: DEPARTMENT OF EDUCATION, DEPARTMENT OF ENERGY, DEPARTMENT OF DEFENSE, DEPARTMENT OF HEALTH AND HUMAN SERVICES (NATIONAL INSTITUTES OF HEALTH AND FOOD AND DRUG ADMINISTRATION), DEPARTMENT OF HOMELAND SECURITY, ENVIRONMENTAL PROTECTION AGENCY, NATIONAL SCIENCE FOUNDATION, U.S. HOUSE, AND U.S. SENATE. IN ADDITION, A MINOR AMOUNT OF LOBBYING IS CONDUCTED WITH VARIOUS STATE AND LOCAL GOVERNMENTS AND/OR AGENCIES."
900656139,2020,LOBBYING EXPENSES,"THE CORPORATION MAY ON OCCASION REVIEW PROPOSED LEGISLATION FOR THE PURPOSE OF DETERMINING THE EFFECT UPON ITS TAX-EXEMPT PURPOSES. THE CORPORATION MAY ON OCCASION ALSO APPEAR BEFORE A LEGISLATIVE COMMITTEE, CONFER WITH LEGISLATORS OR OTHERWISE ATTEMPT TO INFLUENCE LEGISLATION. HOWEVER, IT WILL NOT PARTICIPATE, IN ANY WAY, IN POLITICAL CAMPAIGNS. THE CORPORATION'S INVOLVEMENT IN LEGISLATIVE ACTIVITIES CONSTITUTES AN INSUBSTANTIAL PART OF ITS ACTIVITIES. IN ADDITION, NELSON MULLINS RILEY & SCARBOROUGH LLP (""NELSON MULLINS"") IS PROVIDING STRATEGIC COUNSELING AND PUBLIC POLICY REPRESENTATION TO THE HOME BASE PROGRAM ON A PRO BONO BASIS. NELSON MULLINS WILL ADVOCATE FOR THE HOME BASE PROGRAM BEFORE SELECTED MEMBERS OF CONGRESS AS WELL AS HELPING THE HOME BASE PROGRAM BUILD RELATIONSHIPS IN THE DEFENSE INDUSTRY. THE MAJORITY OF THE FUNDS EXPENDED FOR LOBBYING ACTIVITIES WERE FOR PAYMENTS MADE TO THE MASSACHUSETTS HEALTH & HOSPITAL ASSOCIATION, WHICH DETERMINED THAT DURING FISCAL YEAR 2021 13.66% OF ITS MEMBERSHIP DUES WERE USED FOR LOBBYING PURPOSES."
651253851,2020,Part2SectionBLine1b,QLaw Foundation engages in minimal public education and communication with legislators on legislative matters related to our mission of serving LGBTQ+ civil and legal rights. Those activities comprise a maximum of 2% of staff hours equivalent to $1700 of staff salary.
651253851,2020,Part2SectionBLine1d,QLaw Foundation engages in minimal public education and communication with legislators on legislative matters related to our mission of serving LGBTQ+ civil and legal rights. Those activities comprise a maximum of 2% of staff hours equivalent to $1700 of staff salary.
651253851,2020,Part2SectionBLine1g,QLaw Foundation engages in minimal public education and communication with legislators on legislative matters related to our mission of serving LGBTQ+ civil and legal rights. Those activities comprise a maximum of 2% of staff hours equivalent to $1700 of staff salary.
210650678,2020,"PART II-B, LINE 1:","PAID STAFF AND DIRECT CONTACT: THE PRESIDENT MET WITH KEY LEGISLATORS AND POLICYMAKERS IN AN EFFORT TO ADVOCATE ON BEHALF OF THE STUDENTS AT RIDER UNIVERSITY WHO RECEIVE FINANCIAL SUPPORT FROM THE STATE AND FEDERAL GOVERNMENT. FOR 2020 CALENDAR YEAR, DISCUSSIONS INCLUDED THE CARES ACT FUNDING AS WELL. SPEECHES, LECTURES: THE ASSOCIATION OF INDEPENDENT COLLEGES AND UNIVERSITIES IN NEW JERSEY (AICUNJ) IS COMMITTED TO THE ADVANCEMENT OF INDEPENDENT HIGHER EDUCATION IN NEW JERSEY. IT SERVES AS A LIAISON WITH THE STATE AND FEDERAL GOVERNMENT ON BEHALF OF THE INDEPENDENT SECTOR. THE PRESIDENT OF RIDER UNIVERSITY ATTENDED AICUNJ MEETINGS, AS WELL AS OTHER INDUSTRY ASSOCIATION MEETINGS, THROUGHOUT FISCAL YEAR 2021 AND SUPPORTED ITS EFFORTS TO ADVOCATE ON BEHALF OF RIDER AND THE INDEPENDENT SECTOR. OTHER LOBBYING ACTIVITIES: THE UNIVERSITY PAYS ANNUAL ASSOCIATION DUES TO AICUNJ, TO THE NATIONAL ASSOCIATION OF INDEPENDENT COLLEGES AND UNIVERSITIES (NAICU), AND TO THE INDEPENDENT COLLEGE FUND OF NEW JERSEY (ICFNJ). AMONG OTHER SERVICES, THESE ASSOCIATIONS LOBBY ON BEHALF OF SECTOR NEEDS."
912153073,2020,SCHEDULE C - PART II-A,"THE TAXPAYER ACQUIRED MARTIN MEMORIAL MEDICAL CENTER, INC., EIN 59-0637874, IN 2019. MARTIN MEMORIAL MEDICAL CENTER, INC. IS A 501(C)(3) ORGANIZATION WHICH HAD A 501(H) ELECTION PREVIOUSLY IN PLACE WHICH WAS REVOKED AS OF 12/31/2020."
742244826,2020,"SCHEDULE C, PART II-A",THIS IS THE FIRST YEAR FOR WHICH THE FOOD BANK SECTION 501(H)ELECTION IS EFFECTIVE
340714585,2020,SCHEDULE C - PART II-A,"THE TAXPAYER ACQUIRED MARTIN MEMORIAL MEDICAL CENTER, INC., EIN 59-0637874, IN 2019. MARTIN MEMORIAL MEDICAL CENTER, INC. IS A 501(C)(3) ORGANIZATION WHICH HAD A 501(H) ELECTION PREVIOUSLY IN PLACE WHICH WAS REVOKED AS OF 12/31/2020."
825388914,2020,"PART I-A, LINE 1:",ABND FUNDED A SOCIAL MEDIA AND DIGITAL ADVERTISING CAMPAIGN IN THE LEAD-UP TO THE 2020 ELECTIONS DRAWING ATTENTION TO THE VOTING RECORDS AND POLICY POSITIONS OF CERTAIN CANDIDATES.
941153307,2020,"PART I-A, LINE 1:","SIERRA CLUB PROVIDES ADMINISTRATIVE AND FUNDRAISING SUPPORT TO ITS SEPARATE SEGREGATED FUNDS (SIERRA CLUB POLITICAL COMMITTEE AND SIERRA CLUB VOTER EDUCATION FUND AND STATE POLITICAL ORGANIZATIONS) AND COMMUNICATES WITH ITS MEMBERS AND OTHERS ABOUT CANDIDATES, INCLUDING EXPRESSLY ADVOCATING FOR THEIR ELECTION OR DEFEAT, AS PERMITTED UNDER FEDERAL AND STATE LAW."
530116130,2020,"Schedule C, Part I-C, Line 5 POLITICAL ACTION COMMITTEE","THE NRA POLITICAL VICTORY FUND, AN INDEPENDENT POLITICAL ACTION COMMITTEE (PAC) OF THE NRA, DIRECTLY RECEIVED CONTRIBUTIONS DURING 2020 OF $11,347.898."
530116130,2020,"Schedule C, Part I-A, Line 1 Description of Political Activities","SUPPORT FOR FUNDRAISING AND ADMINISTRATIVE EXPENSES OF A SEPARATE SEGREGATED FUND IS INDUSTRY STANDARD FOR NONPROFIT ORGANIZATIONS LIKE THE NRA, AS ALLOWED BY LAW. IN 2020, THE NRA PAID $12,425,725 FUNDRAISING AND ADMINISTRATIVE EXPENSES FOR THE SEPARATE SEGREGATED FUND, NRA POLITICAL VICTORY FUND, AS ALLOWED BY LAW. THE NRA ENGAGED IN ACTIVITIES IN SUPPORT OF ITS MISSION, WHICH INCLUDES PROTECTING AND DEFENDING THE CONSTITUTION OF THE UNITED STATES, ESPECIALLY WITH REFERENCE TO THE INALIENABLE RIGHT OF INDIVIDUAL AMERICAN CITIZEN GUARANTEED BY SUCH CONSTITUTION TO ACQUIRE, POSSESS, COLLECT, EXHIBIT, TRANSPORT, CARRY, TRANSFER OWNERSHIP OF, AND ENJOY THE RIGHT TO USE ARMS, IN ORDER THAT THE PEOPLE MAY ALWAYS BE IN A POSITION TO EXERCISE THEIR LEGITIMATE INDIVIDUAL RIGHTS OF SELF-PRESERVATION AND DEFENSE OF FAMILY, PERSON, AND PROPERTY. IN PURSUIT OF THESE GOALS OF THE ASSOCIATION, THE NRA SPENT FUNDS DIRECTLY AND INDIRECTLY ON POLITICAL ACTIVITIES, WHICH WERE NOT THE PRIMARY ACTIVITIES OF THE ORGANIZATION. THE NRA IS ORGANIZED PRIMARILY TO PROMOTE SOCIAL WELFARE AND CAN ALSO ENGAGE IN POLITICAL ACTIVITIES ON BEHALF OF OR IN OPPOSITION TO CANDIDATES FOR POLITICAL OFFICE, AS ALLOWED BY LAW. BY ANY MEASURE, THE PERCENTAGE OF FUNDS SPENT BY THE NRA ON POLITICAL ACTIVATES IS MODEST IN COMPARISON TO THE BUDGET DEVOTED TO THE PRIMARY ACTIVITIES OF THE NRA. FOR INSTANCE, ALL EXPENDITURES NOTED ON PART I-A AND I-C OF SCHEDULE C AMOUNTED TO ABOUT 5.36% OF THE NRA'S TOTAL EXPENSES IN 2020, AS APPLIED TO TOTAL EXPENSES REPORTED ON FORM 990, PART IX, LINE 25. REPORTERS AND OTHER READERS ARE ALSO KINDLY REMINDED THAT THE SEPARATE SEGREGATED FUND IS A SEPARATE ENTITY FOR TAX PURPOSES."
208802884,2020,"PART I-A, LINE 1:",EVERYTOWN FOR GUN SAFETY ACTION FUND MADE CONTRIBUTIONS TO CANDIDATES AND POLITICAL COMMITTEES AS WELL AS COMMUNICATIONS RELATED TO PROMOTING THE ELECTION OF CANDIDATES WHO SUPPORT THE ENACTMENT OF COMMON-SENSE PUBLIC SAFETY MEASURES TO KEEP OUR COMMUNITIES SAFER FROM GUN VIOLENCE AND WHO WILL ENFORCE STRONGER GUN SAFETY LAWS.
571136023,2020,"PART II-B, LINE 1:",AMERICANSS FOR CURES FOUNDATION IS A 501(C)3 ORGANIZATION. MORE THAN 50% OF THE BOARD MEMBERS OF AMERICANS FOR STEM CELL THERAPIES AND CURES ARE ALSO BOARD MEMBERS OF AMERICAN FOR CURES FOUNDATION.
571136023,2020,SCHEDULE C - PART III-A,"THE ORGANIZATION DID NOT RECEIVE ANY MEMBERSHIP DUES, ASSESSMENTS, OR SIMILAR AMOUNTS TO ITS MEMBERS."
620757525,2020,"SCHEDULE C, PART I-A, LINE 1",NONE
620757525,2020,"SCHEDULE C, PART II-A",N/A
223139279,2021,Part1ALine1,"New Yorker's Family Research Fdt has an ""H"" option in place but no funds were spent on lobbying or any political candidate's campaigns."
260900874,2021,"SCHEDULE C, PART II-A","2016 WAS THE FIRST YEAR THAT LOBBYING EXPENSES WERE INCURRED BY THE ORGANIZATION. THERE WERE NO LOBBYING EXPENSES INCURRED DURING 2017, 2018, 2019, 2020, AND 2021."
461457252,2021,"PART I-A, LINE 1:",THE ORGANIZATION MADE CONTRIBUTIONS TO CANDIDATES' CAMPAIGNS.
611740292,2022,"SCHEDULE C, PART IV","LOBBYING ACTIVITIES INCLUDE CALLS TO OR MEETINGS WITH GOVERNMENT OFFICIALS OR LAWMAKERS, AND ELECTRONIC COMMUNICATIONS SENT TO CONVEY POSITIONS, CONCERNS, AND RECOMMENDATIONS. SUCH FUNCTIONS WERE PERFORMED BY EMPLOYEES AS WELL AS LOBBYING FIRMS AND TRADE ORGANIZATIONS LOBBYING ON OUR BEHALF."
510198509,2022,"PART II-B, LINE 1:","THE ORGANIZATION MAKES VARIOUS GRANTS TO OTHER ORGANIZATIONS FOR LOBBYING ACTIVITIES WHICH SUPPORT INITIATIVES WITHIN THE TIDES FOUNDATION AREAS OF FOCUS: EQUITY, HUMAN RIGHTS, AND ECONOMIC EMPOWERMENT; A SUSTAINABLE ENVIRONMENT; HEALTHY INDIVIDUALS AND COMMUNITIES; AND QUALITY EDUCATION."
473036490,2022,Part II,"| PartandLinenumber:,Explanation:| Part2SectionBLine1a,Encouraged volunteers to contact legislators in support of legislation that would help make roads safer.| Part2SectionBLine1b,Video conferences with legislators their staff or government officials or speaking in front of state committees on behalf of legislation that would make roads safer. Meeting with other advocates or writing publications about legislation that would make roads safer.| Part2SectionBLine1e,Writing online blog posts or social media posts giving information about legislation that would make roads safer.| Part2SectionBLine1g,Video conferences with legislators their staff or gov't officials or speaking in front of state committees on behalf of legislation that would make roads safer.| Part2SectionBLine1i,Working with media outlets to provide information for media stories.|"
650267668,2022,"Schedule C, Part II-A FOUR-YEAR AVERAGING EXPLANATION","THE GOVERNMENT RELATIONS DEPARTMENT PROVIDES SUPPORT RELATED TO LEGISLATIVE AND REGULATORY ISSUES AT THE FEDERAL STATE AND LOCAL LEVELS OF GOVERNMENT ON ISSUES INCLUDING BUT NOT LIMITED TO REIMBURSEMENT, POLICY DEVELOPMENT, ZONING, AND RELATED MATTERS."
591479658,2022,"Part II-B, Line 1:",The corporation paid dues to the American Hospital Association and the Florida Hospital Association who use a portion of the dues to conduct lobbying activities.
043372526,2022,"SCHEDULE C, PART II-A",NO LOBBYING EXPENSES IN FISCAL YEAR 3/31/22.
742393839,2022,"Part I-A, Line 1 - Direct and Indirect Political Campaign Activities","THE ORGANIZATION MAINTAINS A PERMANENT LEGISLATIVE LIAISON AND ENGAGES IN PROCEEDINGS OF THE STATE AND NATIONAL LEGISLATURE AND THEIR COMMITTEES, OF THE TEXAS PARKS AND WILDLIFE DEPARTMENT AND STATE AND FEDERAL AGENCIES ON MATTERS AFFECTING THE INTERESTS OF OUR MEMBERS, AND TESTIFIES WHENEVER APPLICABLE IN SUPPORT OF THESE INTERESTS."
521974904,2022,"PART I-A, LINE 1:","TFKAF ENGAGES IN POLITICAL CAMPAIGN ACTIVITY ONLY TO THE EXTENT PERMITTED BY FEDERAL LAW AND THE APPLICABLE STATE OR LOCAL LAWS. IN 2022, TFKAF ENGAGED IN POLITICAL ACTIVITIES FOR CANDIDATES FOR ELECTED OFFICE"
200960855,2022,"Schedule C, Part I-A, Line 1 Description of Political Activities","Direct and Indirect Political Campaign Activities - Family Policy Alliance's activities include informational videos posted to the website, emails to constituents, and direct mail to voters that educate them on the differences between the candidates on issues pertaining to families."
208295721,2023,Additional Information,"Part I-A UPMC Group Entities do not engage in any direct or indirect political activity. Part II-B UPMC Group maintains a department of government relations whose primary function is to maintain contact with elected and appointed officials at the federal, state, and local levels. The department promotes legislative actions with respect to healthcare related issues that could impact the organization. Part II-B, Line 1D The amount for mailings is not readily quantifiable, however, UPMC recognizes that in the course of business, these expenses may occur. Part II-B, Line 1G Amounts represent employed and outsourced resources for lobbying and education efforts for government officials in areas directly related to the business of UPMC entities. This can include direct contact with the officials or sending of correspondence. Part II-B, Line I Amounts included in membership dues in healthcare related organizations that is indicated by the organization to be the portion of the membership dues that is utilized by the membership organization for lobby efforts."
453358926,2023,"Schedule C, Part II-B, Line 1 DETAILED DESCRIPTION OF THE LOBBYING ACTIVITY","Lobbying activities included mailings and direct contact with Legislators and/or staff members of the United States Senate and House of Representatives. Lobbying issues were related to carrying out programs to serve the uninsured, the poor and the vulnerable. Total expenditures were approximately $1,693,000 and included salaries for employees in Ascension Health Alliance's advocacy department, office expenses, travel, occupancy, IT expense, professional services and membership dues. Ascension Health Alliance does not participate in or intervene in (including the publishing or distributing of statements) any political campaign on behalf of (or in opposition to) any candidate for public office."
364724966,2023,"Schedule C, Part II-A, Line 1b, Column (a) AFFILIATED ORGANIZATIONS","ORGANIZATION NAME: NORTHWESTERN MEMORIAL HOSPITAL ADDRESS: 541 N FAIRBANKS CT CHICAGO, Illinois 60611 EIN: 37-0960170 ORGANIZATION IS AN ELECTING ORGANIZATION GRASSROOTS LOBBYING AMOUNT: DIRECT LOBBYING AMOUNT: 109,513 TOTAL LOBBYING EXPENDITURES: 109,513 OTHER EXEMPT PURPOSE EXPENDITURES: 2,670,716,295 TOTAL EXEMPT PURPOSE EXPENDITURES: 2,670,825,808 LOBBYING NONTAXABLE AMOUNT: 1,000,000 TOTAL GRASSROOTS LESS NONTAXABLE AMOUNT: 250,000 TOTAL EXPENDITURES LESS NONTAXABLE AMOUNT: SHARE OF EXCESS LOBBYING EXPENDITURES:"
364724966,2023,"Schedule C, Part II-A, Line 1b, Column (a) AFFILIATED ORGANIZATIONS","ORGANIZATION NAME: NORTHWESTERN LAKE FOREST HOSPITAL ADDRESS: 541 N FAIRBANKS CT CHICAGO, Illinois 60611 EIN: 36-2179779 ORGANIZATION IS AN ELECTING ORGANIZATION GRASSROOTS LOBBYING AMOUNT: DIRECT LOBBYING AMOUNT: 58,430 TOTAL LOBBYING EXPENDITURES: 58,430 OTHER EXEMPT PURPOSE EXPENDITURES: 616,778,073 TOTAL EXEMPT PURPOSE EXPENDITURES: 616,836,503 LOBBYING NONTAXABLE AMOUNT: 1,000,000 TOTAL GRASSROOTS LESS NONTAXABLE AMOUNT: 250,000 TOTAL EXPENDITURES LESS NONTAXABLE AMOUNT: SHARE OF EXCESS LOBBYING EXPENDITURES:"
364724966,2023,"Schedule C, Part II-A, Line 1b, Column (a) AFFILIATED ORGANIZATIONS","ORGANIZATION NAME: NORTHWESTERN MEDICAL FACULTY FOUNDATION ADDRESS: 541 N FAIRBANKS CT CHICAGO, Illinois 60611 EIN: 36-3097297 ORGANIZATION IS AN ELECTING ORGANIZATION GRASSROOTS LOBBYING AMOUNT: DIRECT LOBBYING AMOUNT: TOTAL LOBBYING EXPENDITURES: OTHER EXEMPT PURPOSE EXPENDITURES: 2,361,789,010 TOTAL EXEMPT PURPOSE EXPENDITURES: 2,361,789,010 LOBBYING NONTAXABLE AMOUNT: 1,000,000 TOTAL GRASSROOTS LESS NONTAXABLE AMOUNT: 250,000 TOTAL EXPENDITURES LESS NONTAXABLE AMOUNT: SHARE OF EXCESS LOBBYING EXPENDITURES:"
364724966,2023,"Schedule C, Part II-A, Line 1b, Column (a) AFFILIATED ORGANIZATIONS","ORGANIZATION NAME: NORTHWESTERN MEMORIAL FOUNDATION ADDRESS: 541 N FAIRBANKS CT CHICAGO, Illinois 60611 EIN: 36-3155315 ORGANIZATION IS AN ELECTING ORGANIZATION GRASSROOTS LOBBYING AMOUNT: DIRECT LOBBYING AMOUNT: TOTAL LOBBYING EXPENDITURES: OTHER EXEMPT PURPOSE EXPENDITURES: 13,222,708 TOTAL EXEMPT PURPOSE EXPENDITURES: 13,222,708 LOBBYING NONTAXABLE AMOUNT: 811,135 TOTAL GRASSROOTS LESS NONTAXABLE AMOUNT: 202,784 TOTAL EXPENDITURES LESS NONTAXABLE AMOUNT: SHARE OF EXCESS LOBBYING EXPENDITURES:"
364724966,2023,"Schedule C, Part II-A, Line 1b, Column (a) AFFILIATED ORGANIZATIONS","ORGANIZATION NAME: CENTRAL DUPAGE HOSPITAL ASSOCIATION ADDRESS: 541 N FAIRBANKS CT CHICAGO, Illinois 60611 EIN: 36-2513909 ORGANIZATION IS AN ELECTING ORGANIZATION GRASSROOTS LOBBYING AMOUNT: DIRECT LOBBYING AMOUNT: 88,382 TOTAL LOBBYING EXPENDITURES: 88,382 OTHER EXEMPT PURPOSE EXPENDITURES: 1,205,954,980 TOTAL EXEMPT PURPOSE EXPENDITURES: 1,206,043,362 LOBBYING NONTAXABLE AMOUNT: 1,000,000 TOTAL GRASSROOTS LESS NONTAXABLE AMOUNT: 250,000 TOTAL EXPENDITURES LESS NONTAXABLE AMOUNT: SHARE OF EXCESS LOBBYING EXPENDITURES:"
314379427,2023,"PART II-B, LINE 1:",LINE 1 (I) OTHER ACTIVITIES NINE ORGANIZATIONS REPORTED THAT A PORTION OF MEMBERSHIP DUES PAID BY BATTELLE WERE USED FOR LOBBYING.
314379427,2023,SCHEDULE C SUPPLEMENTAL INFORMATION - PART IV,"INTERNAL LOBBYING EXPENSES TOTALED $475,955 AND EXTERNAL LOBBYING EXPENSES TOTALED $712,787 FOR A TOTAL OF $1,188,742. THE GENERAL ISSUE AREA FOR LOBBYING IS INCREASED FUNDING IN THE FEDERAL BUDGET FOR SCIENTIFIC RESEARCH AND DEVELOPMENT PROGRAMS, THROUGH AUTHORIZATION AND APPROPRIATIONS BILLS AND REPORT LANGUAGE. THE SPECIFIC LOBBYING ISSUES INCLUDE THE U.S. HOUSE AND SENATE AUTHORIZATION BILLS FOR THE DEPARTMENT OF COMMERCE; DEPARTMENT OF DEFENSE; DEPARTMENT OF EDUCATION; DEPARTMENT OF ENERGY; DEPARTMENT OF HEALTH AND HUMAN SERVICES (NATIONAL INSTITUTES OF HEALTH AND CENTERS FOR DISEASE CONTROL AND PREVENTION); DEPARTMENT OF HOMELAND SECURITY, DEPARTMENT OF THE INTERIOR (ENVIRONMENTAL PROTECTION AGENCY), DEPARTMENT OF VETERANS AFFAIRS, NATIONAL SCIENCE FOUNDATION, AND THE INTELLIGENCE COMMUNITY. ADDITIONALLY, THEY INCLUDE THE U.S. HOUSE AND SENATE APPROPRIATIONS BILLS FOR: COMMERCE, JUSTICE, SCIENCE, AND RELATED AGENCIES; DEFENSE; ENERGY AND WATER DEVELOPMENT; HOMELAND SECURITY; LABOR, HEALTH AND HUMAN SERVICES, EDUCATION, INTERIOR, ENVIRONMENT, AND RELATED AGENCIES THE HOUSE(S) OF CONGRESS AND FEDERAL AGENCIES CONTACTED (THOUGH NOT NECESSARILY LOBBIED) INCLUDE: DEPARTMENT OF EDUCATION, DEPARTMENT OF ENERGY, DEPARTMENT OF DEFENSE, DEPARTMENT OF HEALTH AND HUMAN SERVICES (NATIONAL INSTITUTES OF HEALTH AND CENTER FOR DISEASE CONTROL AND PREVENTION), DEPARTMENT OF HOMELAND SECURITY, ENVIRONMENTAL PROTECTION AGENCY, NATIONAL SCIENCE FOUNDATION, U.S. HOUSE, AND U.S. SENATE. IN ADDITION, A MINOR AMOUNT OF LOBBYING IS CONDUCTED WITH VARIOUS STATE AND LOCAL GOVERNMENTS AND/OR AGENCIES."
900656139,2023,LOBBYING EXPENSES,"THE CORPORATION MAY ON OCCASION REVIEW PROPOSED LEGISLATION FOR THE PURPOSE OF DETERMINING THE EFFECT UPON ITS TAX-EXEMPT PURPOSES. THE CORPORATION MAY ON OCCASION ALSO APPEAR BEFORE A LEGISLATIVE COMMITTEE, CONFER WITH LEGISLATORS OR OTHERWISE ATTEMPT TO INFLUENCE LEGISLATION. HOWEVER, IT WILL NOT PARTICIPATE, IN ANY WAY, IN POLITICAL CAMPAIGNS. THE CORPORATION'S INVOLVEMENT IN LEGISLATIVE ACTIVITIES CONSTITUTES AN INSUBSTANTIAL PART OF ITS ACTIVITIES. THE MAJORITY OF THE FUNDS EXPENDED FOR LOBBYING ACTIVITIES WERE FOR PAYMENTS MADE TO THE MASSACHUSETTS HEALTH & HOSPITAL ASSOCIATION, WHICH DETERMINED THAT DURING FISCAL YEAR 2024 15.40% OF ITS MEMBERSHIP DUES WERE USED FOR LOBBYING PURPOSES."
310999046,2023,Part II,"| PartandLinenumber:,Explanation:| Part2SectionBLine1i,An unrelated organization is paid a monthly stipend to monitor and inform of legislation budget issues affecting The Kentucky Center for the Arts Corporation.|"
210650678,2023,"PART II-B, LINE 1:","PAID STAFF AND DIRECT CONTACT: THE PRESIDENT MET WITH KEY LEGISLATORS AND POLICYMAKERS IN AN EFFORT TO ADVOCATE ON BEHALF OF THE STUDENTS AT RIDER UNIVERSITY WHO RECEIVE FINANCIAL SUPPORT FROM THE STATE AND FEDERAL GOVERNMENT. SPEECHES, LECTURES: THE ASSOCIATION OF INDEPENDENT COLLEGES AND UNIVERSITIES IN NEW JERSEY (ICUNJ) IS COMMITTED TO THE ADVANCEMENT OF INDEPENDENT HIGHER EDUCATION IN NEW JERSEY. IT SERVES AS A LIAISON WITH THE STATE AND FEDERAL GOVERNMENT ON BEHALF OF THE INDEPENDENT SECTOR. THE PRESIDENT OF RIDER UNIVERSITY ATTENDED AICUNJ MEETINGS, AS WELL AS OTHER INDUSTRY ASSOCIATION MEETINGS, THROUGHOUT FISCAL YEAR 2024 AND SUPPORTED ITS EFFORTS TO ADVOCATE ON BEHALF OF RIDER AND THE INDEPENDENT SECTOR. OTHER LOBBYING ACTIVITIES: THE UNIVERSITY PAYS ANNUAL ASSOCIATION DUES TO THE NATIONAL ASSOCIATION OF INDEPENDENT COLLEGES AND UNIVERSITIES (NAICU) AND TO THE INDEPENDENT COLLEGE FUND OF NEW JERSEY (ICFNJ). AMONG OTHER SERVICES, THESE ASSOCIATIONS LOBBY ON BEHALF OF SECTOR NEEDS."
370813229,2023,"Schedule C, Part II-A, Line 1b, Column (a) SCH C, PART II-B LINE 1B",THE ONLY COST OF MAILING RELATED TO LOBBYING EXPENSES IS RELATED TO THE COST OF STAMPS. THE TOTAL EXPEDITURES RELATED TO MAILING IS MINOR AND THE ACTUAL DOLLAR AMOUNT IS NOT READILY AVAILABLE.
370813229,2023,"Schedule C, Part II-B, Line 1 DETAILED DESCRIPTION OF THE LOBBYING ACTIVITY","LINE 1I INCLUES LOBBYING EXPENSES PAID TO VARIOUS NATIONAL HEALTH ASSOCIATIONS AS PART OF DUES AND SUBSCRIPTIONS IN THE AMOUNT OF $661,015. LINE 1G INCLUDES DIRECT CONTACT WITH LEGISLATORS, THEIR STAFFS, GOVERNMENT OFFICIALS, AND LEGISLATIVE BODIES RELATING TO THE HOSPITAL, PHYSICIAN PAYMENT REFORM, CRITICAL ACCESS, MDH HOSPITAL RATE PROTECTION, ACO ACTIVITIES AND ADOPTION IN MEDICARE. THIS AMOUNTED TO $636,642."
842593203,2023,"SCHEDULE C, PART II-A",LOBBYING STARTED IN 2021. NO LOBBYING FOR 2023.
860974183,2023,"PART I-A, LINE 1:",THE ORGANIZATION IS NOT INVOLVED IN ANY DIRECT POLITICAL CAMPAIGN ACTIVITY. THE ORGANIZATION'S ONLY INDIRECT POLITICAL CAMPAIGN ACTIVITY IS THE PAYMENT OF CERTAIN ADMINISTRATIVE AND FUNDRAISING EXPENSES AND PROVIDING EMPLOYEES FOR CERTAIN ADMINISTRATIVE FUNCTIONS ON BEHALF OF TWO POLITICAL ACTION COMMITTEES (PAC).
840445578,2023,"PART I-A, LINE 1","THE SCHOOL NUTRITION ASSOCIATION PAC IS A SEPARATELY SEGREGATED FUND AS DESCRIBED IN SECTION 527(F)(3) OF THE INTERNAL REVENUE CODE. THE PAC SUPPORTS THE ELECTION CAMPAIGNS OF CANDIDATES WHO SUPPORT SNA'S MISSION. SNA PROVIDES OFFICE SPACE, USE OF EQUIPMENT AND PERSONNEL TO THE PAC AT NO CHARGE."
133539048,2023,"Schedule C, Part I-A, Line 1 Description of Political Activities","Planned Parenthood Action Fund, Inc. (the ""Action Fund"") communicated with the general public about state elections and its members and the general public about federal and state elections. Where permitted by law, its specific activities included use of the mail, internet, radio, television advertising, and phone banking to educate its members and the public about the positions of candidates on issues pertinent to reproductive health and to urge them to vote for candidates likely to advance the organization's mission. The Action Fund supported other organizations undertaking similar efforts, including: (1) fundraising and administrative expenses of a related 527 organization (Planned Parenthood Action Fund, Inc. PAC) and (2) shared facilities, supplies and administrative services for a related 527 organization, Planned Parenthood Votes."
010879928,2023,Pt I-A Line 1,"CONDUCT ACTIVITIES TO SUPPORT AND OPPOSE CERTAIN CANDIDATES FOR ELECTIVE FEDERAL PUBLIC OFFICE. EDUCATE VOTERS ON THE CLIMATE STANCE OF CERTAIN FEDERAL CANDIDATES THROUGH VIRTUAL EVENTS, EMAILS, PHONE BANKS TO VOTERS IN CERTAIN STATES, AND OTHER COMMUNICATIONS."
620757525,2023,"SCHEDULE C, PART I-A, LINE 1",NONE
620757525,2023,"SCHEDULE C, PART II-A",N/A
135562401,2024,"Schedule C, Part II-B, Line 1 DETAILED DESCRIPTION OF THE LOBBYING ACTIVITY",THE YMCA RETIREMENT FUND IS A MEMBER OF THE CHURCH ALLIANCE WHICH ENGAGES IN DIRECT LOBBYING REGARDING LEGISLATION THAT ADVERSELY AFFECTS CHURCH PENSION AND BENEFIT PLANS. THE AMOUNT INDICATED ABOVE REFERENCED DUES PAID.
131788491,2024,"Schedule C, Part II-B, Line 1 DETAILED DESCRIPTION OF THE LOBBYING ACTIVITY","RECOGNIZING THE POWER OF LEGISLATIVE CHANGE TO ACCOMPLISH ITS MISSION, ACS SUPPORTS LIMITED LOBBYING ACTIVITIES PRIMARILY THROUGH GRANTS TO ITS SECTION 501(C)(4) AFFILIATE, ACS CAN, TO ACHIEVE EVIDENCE BASED POLICY SOLUTIONS BY ADVOCATING FOR LEGISLATION DESIGNED TO ELIMINATE CANCER AS A MAJOR HEALTH PROBLEM. ACS CAN IS CONTRACTUALLY OBLIGATED TO USE FUNDS FROM ACS SOLELY IN A MANNER CONSISTENT WITH APPLICABLE PROVISIONS OF THE INTERNAL REVENUE CODE GOVERNING 501(C)(3) ORGANIZATIONS. FUNDS ARE PROHIBITED FROM BEING EXPENDED FOR ELECTION PURPOSES, INCLUDING CONTRIBUTIONS TO ANY CANDIDATE OR POLITICAL ORGANIZATION, OR TO INFLUENCE ANY ELECTION TO PUBLIC OFFICE. ACS ALSO PAYS MEMBERSHIP DUES TO CERTAIN ORGANIZATIONS RELATED TO THE NONPROFIT AND/OR HEALTHCARE SECTOR WHICH HAVE LOBBYING EXPENSES. THE TOTAL AMOUNT FOR LOBBYING INCLUDES THE PERCENTAGE OF THE DUES PAID THAT WERE USED FOR LOBBYING."
821406555,2024,"Schedule C, Part II-B, Line 1d LOBBYING ACTIVITY","ALLEGHENY HEALTH NETWORK DISTRIBUTES MAILINGS TO STAKEHOLDERS, INCLUDING LEGISLATORS, TO INFORM THEM ABOUT THE POTENTIAL IMPACT OF CERTAIN HEALTHCARE REGULATIONS ON AHN AND THE COMMUNITIES WE SERVE."
821406555,2024,"Schedule C, Part II-B, Line 1 DETAILED DESCRIPTION OF THE LOBBYING ACTIVITY","ALLEGHENY HEALTH NETWORK ENGAGES IN LIMITED ADVOCACY WITH FEDERAL, STATE, AND LOCAL ELECTED OFFICIALS ON HEALTHCARE LEGISLATION IMPACTING OUR ORGANIZATION AND THE COMMUNITIES WE SERVE."
383952644,2024,"PART II-B, LINE 1:","DURING 2024, MAYO CLINIC (MAYO) OFFICIALS HAD MEETINGS AND CONTACTS WITH FEDERAL AND STATE GOVERNMENT OFFICIALS, INCLUDING MEMBERS OF CONGRESS, STATE LEGISLATURES, AND RESPECTIVE EXECUTIVE BRANCH OFFICIALS TO DISCUSS VARIOUS HEALTH CARE REFORM PROPOSALS AND PROPOSED LEGISLATION. THESE DISCUSSIONS AND MEETINGS WERE HELD IN ROCHESTER, MN AS WELL AS WASHINGTON, D.C., ST. PAUL, MN AND OTHER MAYO CLINIC SITE LOCATIONS. IN ADDITION, MAYO SENT CORRESPONDENCE TO MEMBERS, STAFF AND OTHER GOVERNMENT OFFICIALS OUTLINING MAYO'S POSITIONS AND RECOMMENDATIONS ON LEGISLATION AND PROPOSED REGULATIONS. MAYO PROVIDES INFORMATION OR EXPRESSES ITS CONCERN TO LEGISLATIVE BODIES AND GOVERNMENT OFFICIALS ON MATTERS DIRECTLY RELATED TO HEALTH, THE DELIVERY OF HEALTH CARE AND MEDICAL EDUCATION AND/OR RESEARCH. IN 2024, MAYO REPRESENTATIVES HAD SEVERAL MEETINGS WITH MEMBERS OF THE LEGISLATIVE AND EXECUTIVE BRANCHES OF GOVERNMENT TO DISCUSS ISSUES RELATING TO PATIENT CARE, EDUCATION AND RESEARCH. IN ADDITION TO CORRESPONDENCE, MAYO EXPRESSES ITS PERSPECTIVE ON POLICY ISSUES VIA EDITORIALS AND IN RESPONSES TO MEDIA INQUIRIES. ON OCCASION, MAYO'S POLICY PERSPECTIVE MAY BE INCLUDED IN THE SPEECH CONTENT OF MAYO LEADERS. THE MAJORITY OF EXPENSES RELATED TO LOBBYING ARE INCURRED BY MAYO FOUNDATION FOR MEDICAL EDUCATION AND RESEARCH (MFMER), AN AFFILIATED SUPPORT ORGANIZATION OF MAYO CLINIC. IN 2024, THE EXPENSES ASSOCIATED WITH THE ABOVE LOBBYING ACTIVITIES ON BEHALF OF MAYO CLINIC (THE PARENT ORGANIZATION) WHICH ARE INCLUDED IN THIS FORM 990 ARE $1,350,850. SCHEDULE C PART II-B LINE 1I THE AMOUNT IN OTHER ACTIVITIES REPRESENTS A PORTION OF PROFESSIONAL DUES ATTRIBUTABLE TO LOBBYING."
550643304,2024,II-B 1i,"Per estimates provided by the American Hospital Association, 39 of the 2024 dues were allocated to lobbying expense. The WV Hospital Association estimates that during 2024, 12.60 of the dues paid were allocated to lobbying expense. West Virginia University Hospitals, Inc. does not participate in or intervene in including publishing or distributing of statements any political campaign on behalf of or in opposition to any candidate for public office."
912153073,2024,SCHEDULE C,"CLEVELAND CLINIC ENGAGES IN HEALTH CARE RELATED LOBBYING ACTIVITIES IN FURTHERANCE OF ITS EXEMPT PURPOSE AND IN SUPPORT OF ITS MISSION OF CARING FOR LIFE, RESEARCHING FOR HEALTH, AND EDUCATING THOSE WHO SERVE. FURTHER DETAIL ON THE TYPES OF ACTIVITIES IS PROVIDED BELOW. PART II-B, 1G DIRECT CONTACT WITH LEGISLATORS, THEIR STAFFS, GOVERNMENT OFFICIALS, OR A LEGISLATIVE BODY - REPRESENTS MEETINGS WITH AND TOURS CONDUCTED FOR LEGISLATORS AND/OR THEIR STAFF MEMBERS CONDUCTED BY MEMBERS OF THE CCF GOVERNMENT RELATIONS OFFICE. PART II-B, 1I OTHER ACTIVITIES - REPRESENTS PAYMENT TO CERTAIN ORGANIZATIONS FOR LOBBYING SERVICES AS WELL AS PAYMENT OF DUES TO CERTAIN TRADE ORGANIZATIONS WHERE A PORTION OF THE DUES ARE USED TO CONDUCT LOBBYING ACTIVITIES."
530116130,2024,"Schedule C, Part I-C, Line 5 POLITICAL ACTION COMMITTEE","THE NRA POLITICAL VICTORY FUND, AN INDEPENDENT POLITICAL ACTION COMMITTEE (PAC) OF THE NRA, DIRECTLY RECEIVED CONTRIBUTIONS DURING 2024 OF $5,592,105."
530116130,2024,"Schedule C, Part I-A, Line 1 Description of Political Activities","IN 2024, THE NRA PAID $978,181 FUNDRAISING AND ADMINISTRATIVE EXPENSES FOR THE SEPARATE SEGREGATED FUND, AND NRA POLITICAL VICTORY FUND. THE NRA ENGAGED IN ACTIVITIES IN SUPPORT OF ITS MISSION, WHICH INCLUDES PROTECTING AND DEFENDING THE CONSTITUTION OF THE UNITED STATES, ESPECIALLY WITH REFERENCE TO THE INALIENABLE RIGHT OF INDIVIDUAL AMERICAN CITIZENS GUARANTEED BY SUCH CONSTITUTION TO ACQUIRE, POSSESS, COLLECT, EXHIBIT, TRANSPORT, CARRY, TRANSFER OWNERSHIP OF, AND ENJOY THE RIGHT TO USE ARMS, IN ORDER THAT THE PEOPLE MAY ALWAYS BE IN A POSITION TO EXERCISE THEIR LEGITIMATE INDIVIDUAL RIGHTS OF SELF-PRESERVATION AND DEFENSE OF FAMILY, PERSON, AND PROPERTY. IN PURSUIT OF THESE GOALS OF THE ASSOCIATION, THE NRA SPENT FUNDS DIRECTLY AND INDIRECTLY ON POLITICAL ACTIVITIES. THE NRA IS ORGANIZED PRIMARILY TO PROMOTE SOCIAL WELFARE AND ALSO ENGAGES IN POLITICAL ACTIVITIES ON BEHALF OF OR IN OPPOSITION TO CANDIDATES FOR POLITICAL OFFICE, AS ALLOWED BY LAW. BY ANY MEASURE, THE AMOUNT OF FUNDS SPENT BY THE NRA ON POLITICAL ACTIVITIES IS INSUBSTANTIAL IN COMPARISON TO ITS OVERALL ACTIVITIES. THE SEPARATE SEGREGATED FUND IS A SEPARATE ENTITY FOR TAX PURPOSES."
208802884,2024,"PART I-A, LINE 1:",EVERYTOWN FOR GUN SAFETY ACTION FUND MADE CONTRIBUTIONS TO CANDIDATES AND POLITICAL COMMITTEES AS WELL AS COMMUNICATIONS RELATED TO PROMOTING THE ELECTION OF CANDIDATES WHO SUPPORT THE ENACTMENT OF COMMON-SENSE PUBLIC SAFETY MEASURES TO MAKE OUR COMMUNITIES SAFER FROM GUN VIOLENCE AND WHO WILL ENFORCE STRONGER GUN SAFETY LAWS.
571136023,2024,"PART II-B, LINE 1:",AMERICANS FOR CURES FOUNDATION IS A 501(C)3 ORGANIZATION. MORE THAN 50% OF THE BOARD MEMBERS OF AMERICANS FOR STEM CELL THERAPIES AND CURES ARE ALSO BOARD MEMBERS OF AMERICAN FOR CURES FOUNDATION.
571136023,2024,SCHEDULE C - PART III-A,"THE ORGANIZATION DID NOT RECEIVE ANY MEMBERSHIP DUES, ASSESSMENTS, OR SIMILAR AMOUNTS TO ITS MEMBERS."
871832544,2024,"Part I-A, Line 1 - Direct and Indirect Political Campaign Activities","As its primary activity, Our Kids Our Future will work to influence legislative, electoral and political processes and the decisions of public officials on legislation and policies that may impact the well-being of children, youth and families."
